from_kind	from_class	from_subclass	to_kind	to_class	to_subclass	observed_architectures
mutex	ahci-hotplug	0	mutex	blkdevs	0	aarch64,x86_64
mutex	ahci-hotplug	0	spin	ahci-hotplug	0	aarch64,x86_64
mutex	ahci-hotplug	0	spin	ahci-port	0	aarch64,x86_64
mutex	ahci-hotplug	0	spin	ahci-sync	0	aarch64,x86_64
mutex	ahci-hotplug	0	spin	blk-pending	0	aarch64,x86_64
mutex	ahci-hotplug	0	spin	blkdevs	0	aarch64,x86_64
mutex	ahci-hotplug	0	spin	completion-wq	0	aarch64,x86_64
mutex	ahci-hotplug	0	spin	console	0	aarch64,x86_64
mutex	ahci-hotplug	0	spin	dma-stats	0	aarch64,x86_64
mutex	ahci-hotplug	0	spin	g_gp_wq	0	aarch64,x86_64
mutex	ahci-hotplug	0	spin	iommu-domain	0	aarch64,x86_64
mutex	ahci-hotplug	0	spin	klog-ring	0	aarch64,x86_64
mutex	ahci-hotplug	0	spin	kmalloc-384	0	aarch64,x86_64
mutex	ahci-hotplug	0	spin	kmalloc-512	0	aarch64,x86_64
mutex	ahci-hotplug	0	spin	mutex-pi	0	aarch64,x86_64
mutex	ahci-hotplug	0	spin	runqueue2	0	aarch64
mutex	ahci-hotplug	0	spin	runqueue3	0	x86_64
mutex	ahci-hotplug	0	spin	sleep	0	aarch64,x86_64
mutex	ahci-hotplug	0	spin	smmu	0	aarch64
mutex	ahci-hotplug	0	spin	timer_queue	0	aarch64,x86_64
mutex	ahci-hotplug	0	spin	virtio-console	0	aarch64,x86_64
mutex	ahci-hotplug	0	spin	virtio-pci	0	aarch64,x86_64
mutex	ahci-hotplug	0	spin	virtq	0	aarch64,x86_64
mutex	ahci-hotplug	0	spin	vtd	0	x86_64
mutex	aio	0	mutex	file	0	aarch64,x86_64
mutex	aio	0	mutex	pagecache	0	aarch64,x86_64
mutex	aio	0	mutex	vnode	0	aarch64,x86_64
mutex	aio	0	spin	aio	0	aarch64,x86_64
mutex	aio	0	spin	file	0	aarch64,x86_64
mutex	aio	0	spin	g_gp_wq	0	aarch64,x86_64
mutex	aio	0	spin	handles	0	aarch64,x86_64
mutex	aio	0	spin	kmalloc-128	0	aarch64,x86_64
mutex	aio	0	spin	kmalloc-2048	0	aarch64,x86_64
mutex	aio	0	spin	mbuf	0	aarch64,x86_64
mutex	aio	0	spin	mbuf-stats	0	aarch64,x86_64
mutex	aio	0	spin	mcluster	0	aarch64,x86_64
mutex	aio	0	spin	mutex-pi	0	aarch64,x86_64
mutex	aio	0	spin	pagecache	0	aarch64,x86_64
mutex	aio	0	spin	pagecache-stats	0	aarch64,x86_64
mutex	aio	0	spin	pipe	0	aarch64,x86_64
mutex	aio	0	spin	pipe-rd	0	aarch64,x86_64
mutex	aio	0	spin	pipe-stats	0	aarch64,x86_64
mutex	aio	0	spin	pipe-wr	0	aarch64,x86_64
mutex	aio	0	spin	runqueue0	0	x86_64
mutex	aio	0	spin	runqueue1	0	x86_64
mutex	aio	0	spin	runqueue3	0	aarch64
mutex	aio	0	spin	tap-rx	0	aarch64,x86_64
mutex	aio	0	spin	tap-tx	0	aarch64,x86_64
mutex	aio	0	spin	timer	0	aarch64,x86_64
mutex	aio	0	spin	vnode	0	aarch64,x86_64
mutex	blkdevs	0	mutex	xhci-cmd	0	aarch64,x86_64
mutex	blkdevs	0	spin	DMA32	0	aarch64,x86_64
mutex	blkdevs	0	spin	Normal	0	aarch64,x86_64
mutex	blkdevs	0	spin	ahci-port	0	aarch64,x86_64
mutex	blkdevs	0	spin	blk-pending	0	aarch64,x86_64
mutex	blkdevs	0	spin	blk-sync	0	aarch64,x86_64
mutex	blkdevs	0	spin	blkdevs	0	aarch64,x86_64
mutex	blkdevs	0	spin	completion-wq	0	aarch64,x86_64
mutex	blkdevs	0	spin	console	0	aarch64,x86_64
mutex	blkdevs	0	spin	dma-stats	0	aarch64,x86_64
mutex	blkdevs	0	spin	g_gp_wq	0	aarch64,x86_64
mutex	blkdevs	0	spin	gic	0	aarch64
mutex	blkdevs	0	spin	gicv2m	0	aarch64
mutex	blkdevs	0	spin	iommu-domain	0	aarch64,x86_64
mutex	blkdevs	0	spin	irq	0	aarch64,x86_64
mutex	blkdevs	0	spin	kernel_space	0	aarch64,x86_64
mutex	blkdevs	0	spin	klog-ring	0	aarch64,x86_64
mutex	blkdevs	0	spin	kmalloc-1024	0	aarch64,x86_64
mutex	blkdevs	0	spin	kmalloc-2048	0	aarch64,x86_64
mutex	blkdevs	0	spin	kmalloc-256	0	aarch64,x86_64
mutex	blkdevs	0	spin	kmalloc-512	0	aarch64,x86_64
mutex	blkdevs	0	spin	mutex-pi	0	aarch64,x86_64
mutex	blkdevs	0	spin	ramblk	0	aarch64,x86_64
mutex	blkdevs	0	spin	runqueue0	0	x86_64
mutex	blkdevs	0	spin	runqueue1	0	x86_64
mutex	blkdevs	0	spin	runqueue2	0	aarch64
mutex	blkdevs	0	spin	runqueue3	0	aarch64,x86_64
mutex	blkdevs	0	spin	smmu	0	aarch64
mutex	blkdevs	0	spin	thread	0	aarch64,x86_64
mutex	blkdevs	0	spin	thread_list	0	aarch64,x86_64
mutex	blkdevs	0	spin	timer_queue	0	aarch64,x86_64
mutex	blkdevs	0	spin	usb-storage	0	aarch64,x86_64
mutex	blkdevs	0	spin	usb-sync	0	aarch64,x86_64
mutex	blkdevs	0	spin	vectors	0	x86_64
mutex	blkdevs	0	spin	virtio-blk	0	aarch64,x86_64
mutex	blkdevs	0	spin	virtio-console	0	aarch64,x86_64
mutex	blkdevs	0	spin	virtio-pci	0	aarch64,x86_64
mutex	blkdevs	0	spin	virtq	0	aarch64,x86_64
mutex	blkdevs	0	spin	vm_region	0	aarch64,x86_64
mutex	blkdevs	0	spin	vtd	0	x86_64
mutex	blkdevs	0	spin	xhci	0	aarch64,x86_64
mutex	blkdevs	0	spin	xhci-cmd	0	aarch64,x86_64
mutex	cosmofs	0	spin	DMA32	0	aarch64,x86_64
mutex	cosmofs	0	spin	Normal	0	aarch64,x86_64
mutex	cosmofs	0	spin	blk-pending	0	aarch64,x86_64
mutex	cosmofs	0	spin	blk-sync	0	aarch64,x86_64
mutex	cosmofs	0	spin	completion-wq	0	aarch64,x86_64
mutex	cosmofs	0	spin	console	0	aarch64,x86_64
mutex	cosmofs	0	spin	cosmofs	0	aarch64,x86_64
mutex	cosmofs	0	spin	dma-stats	0	aarch64,x86_64
mutex	cosmofs	0	spin	g_gp_wq	0	aarch64,x86_64
mutex	cosmofs	0	spin	iommu-domain	0	aarch64,x86_64
mutex	cosmofs	0	spin	kernel_space	0	aarch64,x86_64
mutex	cosmofs	0	spin	klog-ring	0	aarch64,x86_64
mutex	cosmofs	0	spin	kmalloc-1024	0	aarch64,x86_64
mutex	cosmofs	0	spin	kmalloc-128	0	aarch64,x86_64
mutex	cosmofs	0	spin	kmalloc-16	0	aarch64,x86_64
mutex	cosmofs	0	spin	kmalloc-192	0	aarch64,x86_64
mutex	cosmofs	0	spin	kmalloc-2048	0	aarch64,x86_64
mutex	cosmofs	0	spin	kmalloc-256	0	aarch64,x86_64
mutex	cosmofs	0	spin	kmalloc-32	0	aarch64,x86_64
mutex	cosmofs	0	spin	kmalloc-384	0	aarch64,x86_64
mutex	cosmofs	0	spin	kmalloc-4096	0	aarch64,x86_64
mutex	cosmofs	0	spin	kmalloc-48	0	aarch64,x86_64
mutex	cosmofs	0	spin	kmalloc-512	0	aarch64,x86_64
mutex	cosmofs	0	spin	kmalloc-64	0	aarch64,x86_64
mutex	cosmofs	0	spin	kmalloc-768	0	aarch64,x86_64
mutex	cosmofs	0	spin	kmalloc-8192	0	aarch64,x86_64
mutex	cosmofs	0	spin	kmalloc-96	0	aarch64,x86_64
mutex	cosmofs	0	spin	kmalloc_large	0	aarch64,x86_64
mutex	cosmofs	0	spin	mount-hash	0	aarch64,x86_64
mutex	cosmofs	0	spin	mutex-pi	0	aarch64,x86_64
mutex	cosmofs	0	spin	nvme-queue	0	aarch64,x86_64
mutex	cosmofs	0	spin	ramblk	0	aarch64,x86_64
mutex	cosmofs	0	spin	random	0	aarch64,x86_64
mutex	cosmofs	0	spin	runqueue0	0	aarch64,x86_64
mutex	cosmofs	0	spin	runqueue1	0	aarch64,x86_64
mutex	cosmofs	0	spin	runqueue2	0	aarch64,x86_64
mutex	cosmofs	0	spin	runqueue3	0	aarch64,x86_64
mutex	cosmofs	0	spin	thread	0	aarch64,x86_64
mutex	cosmofs	0	spin	thread_list	0	aarch64,x86_64
mutex	cosmofs	0	spin	virtio-blk	0	aarch64,x86_64
mutex	cosmofs	0	spin	virtio-console	0	aarch64,x86_64
mutex	cosmofs	0	spin	virtio-pci	0	aarch64,x86_64
mutex	cosmofs	0	spin	virtq	0	aarch64,x86_64
mutex	cosmofs	0	spin	vm_region	0	aarch64,x86_64
mutex	devices	0	mutex	ahci-hotplug	0	aarch64,x86_64
mutex	devices	0	mutex	blkdevs	0	aarch64,x86_64
mutex	devices	0	mutex	nvme-admin	0	aarch64,x86_64
mutex	devices	0	mutex	xhci-cmd	0	aarch64,x86_64
mutex	devices	0	mutex	xhci-controllers	0	aarch64,x86_64
mutex	devices	0	spin	DMA32	0	aarch64,x86_64
mutex	devices	0	spin	Normal	0	aarch64,x86_64
mutex	devices	0	spin	ahci-hotplug	0	aarch64,x86_64
mutex	devices	0	spin	ahci-port	0	aarch64,x86_64
mutex	devices	0	spin	ahci-sync	0	aarch64,x86_64
mutex	devices	0	spin	blk-pending	0	aarch64,x86_64
mutex	devices	0	spin	blkdevs	0	aarch64,x86_64
mutex	devices	0	spin	completion-wq	0	aarch64,x86_64
mutex	devices	0	spin	console	0	aarch64,x86_64
mutex	devices	0	spin	devices	0	aarch64,x86_64
mutex	devices	0	spin	dma-stats	0	aarch64,x86_64
mutex	devices	0	spin	fwcfg	0	aarch64,x86_64
mutex	devices	0	spin	g_gp_wq	0	aarch64,x86_64
mutex	devices	0	spin	gic	0	aarch64
mutex	devices	0	spin	gicv2m	0	aarch64
mutex	devices	0	spin	iommu	0	aarch64,x86_64
mutex	devices	0	spin	iommu-domain	0	aarch64,x86_64
mutex	devices	0	spin	irq	0	aarch64,x86_64
mutex	devices	0	spin	kernel_space	0	aarch64,x86_64
mutex	devices	0	spin	klog-ring	0	aarch64,x86_64
mutex	devices	0	spin	kmalloc-1024	0	aarch64,x86_64
mutex	devices	0	spin	kmalloc-128	0	aarch64,x86_64
mutex	devices	0	spin	kmalloc-16	0	aarch64,x86_64
mutex	devices	0	spin	kmalloc-192	0	aarch64,x86_64
mutex	devices	0	spin	kmalloc-2048	0	aarch64,x86_64
mutex	devices	0	spin	kmalloc-256	0	aarch64,x86_64
mutex	devices	0	spin	kmalloc-32	0	aarch64,x86_64
mutex	devices	0	spin	kmalloc-384	0	aarch64,x86_64
mutex	devices	0	spin	kmalloc-4096	0	aarch64,x86_64
mutex	devices	0	spin	kmalloc-48	0	aarch64,x86_64
mutex	devices	0	spin	kmalloc-512	0	aarch64,x86_64
mutex	devices	0	spin	kmalloc-64	0	aarch64,x86_64
mutex	devices	0	spin	kmalloc-768	0	aarch64,x86_64
mutex	devices	0	spin	kmalloc-8192	0	aarch64,x86_64
mutex	devices	0	spin	kmalloc_large	0	aarch64,x86_64
mutex	devices	0	spin	mbuf	0	aarch64,x86_64
mutex	devices	0	spin	mbuf-stats	0	aarch64,x86_64
mutex	devices	0	spin	mcluster	0	aarch64,x86_64
mutex	devices	0	spin	mutex-pi	0	aarch64,x86_64
mutex	devices	0	spin	netif	0	aarch64,x86_64
mutex	devices	0	spin	netifs	0	aarch64,x86_64
mutex	devices	0	spin	nvme-admin	0	aarch64,x86_64
mutex	devices	0	spin	nvme-queue	0	aarch64,x86_64
mutex	devices	0	spin	runqueue0	0	aarch64,x86_64
mutex	devices	0	spin	runqueue1	0	aarch64,x86_64
mutex	devices	0	spin	runqueue2	0	aarch64,x86_64
mutex	devices	0	spin	runqueue3	0	aarch64
mutex	devices	0	spin	sleep	0	aarch64,x86_64
mutex	devices	0	spin	smmu	0	aarch64
mutex	devices	0	spin	thread	0	aarch64,x86_64
mutex	devices	0	spin	thread_list	0	aarch64,x86_64
mutex	devices	0	spin	timer_queue	0	aarch64,x86_64
mutex	devices	0	spin	usb-storage	0	aarch64,x86_64
mutex	devices	0	spin	usb-sync	0	aarch64,x86_64
mutex	devices	0	spin	vectors	0	x86_64
mutex	devices	0	spin	virtio-blk	0	aarch64,x86_64
mutex	devices	0	spin	virtio-console	0	aarch64,x86_64
mutex	devices	0	spin	virtio-pci	0	aarch64,x86_64
mutex	devices	0	spin	virtq	0	aarch64,x86_64
mutex	devices	0	spin	vm_region	0	aarch64,x86_64
mutex	devices	0	spin	vtd	0	x86_64
mutex	devices	0	spin	xhci	0	aarch64,x86_64
mutex	devices	0	spin	xhci-cmd	0	aarch64,x86_64
mutex	devices	0	spin	xhci-controllers	0	aarch64,x86_64
mutex	devices	0	spin	xhci-ports	0	aarch64,x86_64
mutex	file	0	mutex	cosmofs	0	aarch64,x86_64
mutex	file	0	mutex	pagecache	0	aarch64,x86_64
mutex	file	0	mutex	vnode	0	aarch64,x86_64
mutex	file	0	spin	DMA32	0	aarch64,x86_64
mutex	file	0	spin	Normal	0	aarch64,x86_64
mutex	file	0	spin	blk-pending	0	aarch64,x86_64
mutex	file	0	spin	blk-sync	0	aarch64,x86_64
mutex	file	0	spin	completion-wq	0	aarch64,x86_64
mutex	file	0	spin	console	0	aarch64,x86_64
mutex	file	0	spin	cosmofs	0	aarch64,x86_64
mutex	file	0	spin	dma-stats	0	aarch64,x86_64
mutex	file	0	spin	file	0	aarch64,x86_64
mutex	file	0	spin	g_gp_wq	0	aarch64,x86_64
mutex	file	0	spin	iommu-domain	0	aarch64,x86_64
mutex	file	0	spin	klog-ring	0	aarch64,x86_64
mutex	file	0	spin	kmalloc-1024	0	aarch64,x86_64
mutex	file	0	spin	kmalloc-128	0	aarch64,x86_64
mutex	file	0	spin	kmalloc-16	0	aarch64,x86_64
mutex	file	0	spin	kmalloc-192	0	aarch64,x86_64
mutex	file	0	spin	kmalloc-2048	0	aarch64,x86_64
mutex	file	0	spin	kmalloc-256	0	aarch64,x86_64
mutex	file	0	spin	kmalloc-32	0	aarch64,x86_64
mutex	file	0	spin	kmalloc-384	0	aarch64,x86_64
mutex	file	0	spin	kmalloc-4096	0	aarch64,x86_64
mutex	file	0	spin	kmalloc-48	0	aarch64,x86_64
mutex	file	0	spin	kmalloc-512	0	aarch64,x86_64
mutex	file	0	spin	kmalloc-64	0	aarch64,x86_64
mutex	file	0	spin	kmalloc-768	0	aarch64,x86_64
mutex	file	0	spin	kmalloc-8192	0	aarch64,x86_64
mutex	file	0	spin	kmalloc-96	0	aarch64,x86_64
mutex	file	0	spin	kmalloc_large	0	aarch64,x86_64
mutex	file	0	spin	mutex-pi	0	aarch64,x86_64
mutex	file	0	spin	nvme-queue	0	aarch64,x86_64
mutex	file	0	spin	pagecache	0	aarch64,x86_64
mutex	file	0	spin	pagecache-lru	0	aarch64,x86_64
mutex	file	0	spin	pagecache-stats	0	aarch64,x86_64
mutex	file	0	spin	process_table	0	aarch64,x86_64
mutex	file	0	spin	ramblk	0	aarch64,x86_64
mutex	file	0	spin	runqueue0	0	aarch64,x86_64
mutex	file	0	spin	runqueue2	0	aarch64,x86_64
mutex	file	0	spin	runqueue3	0	aarch64,x86_64
mutex	file	0	spin	shootdown	0	x86_64
mutex	file	0	spin	user_space	0	aarch64,x86_64
mutex	file	0	spin	virtio-blk	0	aarch64,x86_64
mutex	file	0	spin	virtio-console	0	aarch64,x86_64
mutex	file	0	spin	virtio-pci	0	aarch64,x86_64
mutex	file	0	spin	virtq	0	aarch64,x86_64
mutex	file	0	spin	vnode	0	aarch64,x86_64
mutex	fsctl-open	0	spin	fsctl-open	0	aarch64,x86_64
mutex	fsctl-open	0	spin	mutex-pi	0	aarch64,x86_64
mutex	hv	0	spin	hv	0	aarch64,x86_64
mutex	hv	0	spin	mutex-pi	0	aarch64,x86_64
mutex	lockdep-test-m1	0	mutex	lockdep-test-m2	0	aarch64,x86_64
mutex	lockdep-test-m1	0	spin	lockdep-test-m1	0	aarch64,x86_64
mutex	lockdep-test-m1	0	spin	lockdep-test-m2	0	aarch64,x86_64
mutex	lockdep-test-m1	0	spin	lockdep-test-under	0	aarch64,x86_64
mutex	lockdep-test-m1	0	spin	mutex-pi	0	aarch64,x86_64
mutex	lockdep-test-m2	0	spin	console	0	aarch64,x86_64
mutex	lockdep-test-m2	0	spin	g_gp_wq	0	aarch64
mutex	lockdep-test-m2	0	spin	klog-ring	0	aarch64,x86_64
mutex	lockdep-test-m2	0	spin	lockdep-test-m1	0	aarch64,x86_64
mutex	lockdep-test-m2	0	spin	lockdep-test-m2	0	aarch64,x86_64
mutex	lockdep-test-m2	0	spin	lockdep-test-under	0	aarch64,x86_64
mutex	lockdep-test-m2	0	spin	mutex-pi	0	aarch64,x86_64
mutex	lockdep-test-m2	0	spin	virtio-console	0	aarch64,x86_64
mutex	lockdep-test-m2	0	spin	virtio-pci	0	aarch64,x86_64
mutex	lockdep-test-m2	0	spin	virtq	0	aarch64,x86_64
mutex	lockdep-test-m3	0	spin	lockdep-test-m3	0	aarch64,x86_64
mutex	lockdep-test-m3	0	spin	mutex-pi	0	aarch64,x86_64
mutex	mig-stress	0	spin	mig-stress	0	aarch64,x86_64
mutex	mig-stress	0	spin	mutex-pi	0	aarch64,x86_64
mutex	modules	0	mutex	ahci-hotplug	0	aarch64,x86_64
mutex	modules	0	mutex	blkdevs	0	aarch64,x86_64
mutex	modules	0	mutex	devices	0	aarch64,x86_64
mutex	modules	0	mutex	nvme-admin	0	aarch64,x86_64
mutex	modules	0	mutex	xhci-controllers	0	aarch64,x86_64
mutex	modules	0	spin	DMA32	0	aarch64,x86_64
mutex	modules	0	spin	Normal	0	aarch64,x86_64
mutex	modules	0	spin	ahci-hotplug	0	aarch64,x86_64
mutex	modules	0	spin	ahci-port	0	aarch64,x86_64
mutex	modules	0	spin	ahci-sync	0	aarch64,x86_64
mutex	modules	0	spin	blkdevs	0	aarch64,x86_64
mutex	modules	0	spin	completion-wq	0	aarch64,x86_64
mutex	modules	0	spin	console	0	aarch64,x86_64
mutex	modules	0	spin	cosmotest-unloadable-lock	0	aarch64,x86_64
mutex	modules	0	spin	devices	0	aarch64,x86_64
mutex	modules	0	spin	dma-stats	0	aarch64,x86_64
mutex	modules	0	spin	fwcfg	0	aarch64,x86_64
mutex	modules	0	spin	g_gp_wq	0	aarch64,x86_64
mutex	modules	0	spin	gic	0	aarch64
mutex	modules	0	spin	gicv2m	0	aarch64
mutex	modules	0	spin	iommu	0	aarch64,x86_64
mutex	modules	0	spin	iommu-domain	0	aarch64,x86_64
mutex	modules	0	spin	irq	0	aarch64,x86_64
mutex	modules	0	spin	kernel_space	0	aarch64,x86_64
mutex	modules	0	spin	klog-ring	0	aarch64,x86_64
mutex	modules	0	spin	kmalloc-1024	0	aarch64,x86_64
mutex	modules	0	spin	kmalloc-128	0	aarch64,x86_64
mutex	modules	0	spin	kmalloc-16	0	aarch64,x86_64
mutex	modules	0	spin	kmalloc-192	0	aarch64,x86_64
mutex	modules	0	spin	kmalloc-2048	0	aarch64,x86_64
mutex	modules	0	spin	kmalloc-256	0	aarch64,x86_64
mutex	modules	0	spin	kmalloc-32	0	aarch64,x86_64
mutex	modules	0	spin	kmalloc-384	0	aarch64,x86_64
mutex	modules	0	spin	kmalloc-4096	0	aarch64,x86_64
mutex	modules	0	spin	kmalloc-48	0	aarch64,x86_64
mutex	modules	0	spin	kmalloc-512	0	aarch64,x86_64
mutex	modules	0	spin	kmalloc-64	0	aarch64,x86_64
mutex	modules	0	spin	kmalloc-768	0	aarch64,x86_64
mutex	modules	0	spin	kmalloc-8192	0	aarch64,x86_64
mutex	modules	0	spin	kmalloc-96	0	aarch64,x86_64
mutex	modules	0	spin	kmalloc_large	0	aarch64,x86_64
mutex	modules	0	spin	mbuf	0	aarch64,x86_64
mutex	modules	0	spin	mbuf-stats	0	aarch64,x86_64
mutex	modules	0	spin	mcluster	0	aarch64,x86_64
mutex	modules	0	spin	modules	0	aarch64,x86_64
mutex	modules	0	spin	mutex-pi	0	aarch64,x86_64
mutex	modules	0	spin	netif	0	aarch64,x86_64
mutex	modules	0	spin	netifs	0	aarch64,x86_64
mutex	modules	0	spin	nvme-admin	0	aarch64,x86_64
mutex	modules	0	spin	nvme-queue	0	aarch64,x86_64
mutex	modules	0	spin	runqueue0	0	aarch64,x86_64
mutex	modules	0	spin	runqueue1	0	aarch64,x86_64
mutex	modules	0	spin	runqueue2	0	aarch64,x86_64
mutex	modules	0	spin	runqueue3	0	aarch64
mutex	modules	0	spin	shootdown	0	x86_64
mutex	modules	0	spin	sleep	0	aarch64,x86_64
mutex	modules	0	spin	smmu	0	aarch64
mutex	modules	0	spin	thread	0	aarch64,x86_64
mutex	modules	0	spin	thread_list	0	aarch64,x86_64
mutex	modules	0	spin	timer_queue	0	aarch64,x86_64
mutex	modules	0	spin	usb-sync	0	aarch64,x86_64
mutex	modules	0	spin	vectors	0	x86_64
mutex	modules	0	spin	virtio-console	0	aarch64,x86_64
mutex	modules	0	spin	virtio-pci	0	aarch64,x86_64
mutex	modules	0	spin	virtq	0	aarch64,x86_64
mutex	modules	0	spin	vm_region	0	aarch64,x86_64
mutex	modules	0	spin	vtd	0	x86_64
mutex	modules	0	spin	xhci	0	aarch64,x86_64
mutex	modules	0	spin	xhci-controllers	0	aarch64,x86_64
mutex	modules	0	spin	xhci-ports	0	aarch64,x86_64
mutex	mount-sync	0	mutex	cosmofs	0	aarch64,x86_64
mutex	mount-sync	0	mutex	pagecache	0	aarch64,x86_64
mutex	mount-sync	0	mutex	vnode	0	aarch64,x86_64
mutex	mount-sync	0	spin	DMA32	0	aarch64,x86_64
mutex	mount-sync	0	spin	Normal	0	aarch64,x86_64
mutex	mount-sync	0	spin	blk-pending	0	aarch64,x86_64
mutex	mount-sync	0	spin	blk-sync	0	aarch64,x86_64
mutex	mount-sync	0	spin	completion-wq	0	aarch64,x86_64
mutex	mount-sync	0	spin	console	0	aarch64,x86_64
mutex	mount-sync	0	spin	cosmofs	0	aarch64,x86_64
mutex	mount-sync	0	spin	dma-stats	0	aarch64,x86_64
mutex	mount-sync	0	spin	g_gp_wq	0	aarch64,x86_64
mutex	mount-sync	0	spin	kernel_space	0	aarch64,x86_64
mutex	mount-sync	0	spin	klog-ring	0	aarch64,x86_64
mutex	mount-sync	0	spin	kmalloc-1024	0	aarch64,x86_64
mutex	mount-sync	0	spin	kmalloc-128	0	aarch64,x86_64
mutex	mount-sync	0	spin	kmalloc-16	0	aarch64,x86_64
mutex	mount-sync	0	spin	kmalloc-192	0	aarch64,x86_64
mutex	mount-sync	0	spin	kmalloc-32	0	aarch64,x86_64
mutex	mount-sync	0	spin	kmalloc-384	0	aarch64,x86_64
mutex	mount-sync	0	spin	kmalloc-4096	0	aarch64,x86_64
mutex	mount-sync	0	spin	kmalloc-48	0	aarch64,x86_64
mutex	mount-sync	0	spin	kmalloc-512	0	aarch64,x86_64
mutex	mount-sync	0	spin	kmalloc-64	0	aarch64,x86_64
mutex	mount-sync	0	spin	kmalloc-768	0	aarch64,x86_64
mutex	mount-sync	0	spin	kmalloc-8192	0	aarch64,x86_64
mutex	mount-sync	0	spin	kmalloc-96	0	aarch64,x86_64
mutex	mount-sync	0	spin	kmalloc_large	0	aarch64,x86_64
mutex	mount-sync	0	spin	mount-hash	0	aarch64,x86_64
mutex	mount-sync	0	spin	mount-sync	0	aarch64,x86_64
mutex	mount-sync	0	spin	mutex-pi	0	aarch64,x86_64
mutex	mount-sync	0	spin	pagecache	0	aarch64,x86_64
mutex	mount-sync	0	spin	pagecache-stats	0	aarch64,x86_64
mutex	mount-sync	0	spin	ramblk	0	aarch64,x86_64
mutex	mount-sync	0	spin	runqueue0	0	aarch64,x86_64
mutex	mount-sync	0	spin	runqueue2	0	aarch64
mutex	mount-sync	0	spin	runqueue3	0	aarch64,x86_64
mutex	mount-sync	0	spin	shootdown	0	x86_64
mutex	mount-sync	0	spin	thread	0	aarch64,x86_64
mutex	mount-sync	0	spin	thread-exit	0	aarch64,x86_64
mutex	mount-sync	0	spin	thread_list	0	aarch64,x86_64
mutex	mount-sync	0	spin	virtio-blk	0	aarch64,x86_64
mutex	mount-sync	0	spin	virtio-console	0	aarch64,x86_64
mutex	mount-sync	0	spin	virtio-pci	0	aarch64,x86_64
mutex	mount-sync	0	spin	virtq	0	aarch64,x86_64
mutex	mount-sync	0	spin	vm_region	0	aarch64,x86_64
mutex	mount-sync	0	spin	vnode	0	aarch64,x86_64
mutex	mounts	0	mutex	cosmofs	0	aarch64,x86_64
mutex	mounts	0	mutex	vnode	0	aarch64,x86_64
mutex	mounts	0	spin	DMA32	0	aarch64,x86_64
mutex	mounts	0	spin	Normal	0	aarch64,x86_64
mutex	mounts	0	spin	blk-pending	0	aarch64,x86_64
mutex	mounts	0	spin	blk-sync	0	aarch64,x86_64
mutex	mounts	0	spin	completion-wq	0	aarch64,x86_64
mutex	mounts	0	spin	console	0	aarch64,x86_64
mutex	mounts	0	spin	cosmofs	0	aarch64,x86_64
mutex	mounts	0	spin	dma-stats	0	aarch64,x86_64
mutex	mounts	0	spin	g_gp_wq	0	aarch64,x86_64
mutex	mounts	0	spin	iommu-domain	0	aarch64,x86_64
mutex	mounts	0	spin	kernel_space	0	aarch64,x86_64
mutex	mounts	0	spin	klog-ring	0	aarch64,x86_64
mutex	mounts	0	spin	kmalloc-128	0	aarch64,x86_64
mutex	mounts	0	spin	kmalloc-16	0	aarch64,x86_64
mutex	mounts	0	spin	kmalloc-192	0	aarch64,x86_64
mutex	mounts	0	spin	kmalloc-2048	0	aarch64,x86_64
mutex	mounts	0	spin	kmalloc-32	0	aarch64,x86_64
mutex	mounts	0	spin	kmalloc-4096	0	aarch64,x86_64
mutex	mounts	0	spin	kmalloc-48	0	aarch64,x86_64
mutex	mounts	0	spin	kmalloc-512	0	aarch64,x86_64
mutex	mounts	0	spin	mount-hash	0	aarch64,x86_64
mutex	mounts	0	spin	mounts	0	aarch64,x86_64
mutex	mounts	0	spin	mutex-pi	0	aarch64,x86_64
mutex	mounts	0	spin	nvme-queue	0	aarch64,x86_64
mutex	mounts	0	spin	ramblk	0	aarch64,x86_64
mutex	mounts	0	spin	runqueue0	0	aarch64,x86_64
mutex	mounts	0	spin	runqueue1	0	aarch64,x86_64
mutex	mounts	0	spin	runqueue2	0	aarch64,x86_64
mutex	mounts	0	spin	runqueue3	0	aarch64,x86_64
mutex	mounts	0	spin	thread	0	aarch64,x86_64
mutex	mounts	0	spin	thread_list	0	aarch64,x86_64
mutex	mounts	0	spin	virtio-blk	0	aarch64,x86_64
mutex	mounts	0	spin	virtio-console	0	aarch64,x86_64
mutex	mounts	0	spin	virtio-pci	0	aarch64,x86_64
mutex	mounts	0	spin	virtq	0	aarch64,x86_64
mutex	mounts	0	spin	vm_region	0	aarch64,x86_64
mutex	mounts	0	spin	vnode	0	aarch64,x86_64
mutex	netif-unregister	0	spin	arp	0	aarch64,x86_64
mutex	netif-unregister	0	spin	completion-wq	0	aarch64,x86_64
mutex	netif-unregister	0	spin	console	0	aarch64,x86_64
mutex	netif-unregister	0	spin	g_gp_wq	0	aarch64,x86_64
mutex	netif-unregister	0	spin	klog-ring	0	aarch64,x86_64
mutex	netif-unregister	0	spin	mbuf	0	aarch64,x86_64
mutex	netif-unregister	0	spin	mbuf-stats	0	aarch64,x86_64
mutex	netif-unregister	0	spin	mcluster	0	aarch64,x86_64
mutex	netif-unregister	0	spin	mutex-pi	0	aarch64,x86_64
mutex	netif-unregister	0	spin	nd	0	aarch64,x86_64
mutex	netif-unregister	0	spin	net-rxq	0	aarch64,x86_64
mutex	netif-unregister	0	spin	net-rxq-keep	0	aarch64,x86_64
mutex	netif-unregister	0	spin	netif	0	aarch64,x86_64
mutex	netif-unregister	0	spin	netif-barrier	0	aarch64,x86_64
mutex	netif-unregister	0	spin	netif-unregister	0	aarch64,x86_64
mutex	netif-unregister	0	spin	netifs	0	aarch64,x86_64
mutex	netif-unregister	0	spin	netrx	0	aarch64,x86_64
mutex	netif-unregister	0	spin	network	0	aarch64,x86_64
mutex	netif-unregister	0	spin	runqueue0	0	aarch64,x86_64
mutex	netif-unregister	0	spin	runqueue1	0	aarch64,x86_64
mutex	netif-unregister	0	spin	runqueue2	0	aarch64,x86_64
mutex	netif-unregister	0	spin	runqueue3	0	aarch64,x86_64
mutex	netif-unregister	0	spin	timer_queue	0	aarch64,x86_64
mutex	netif-unregister	0	spin	virtio-console	0	aarch64,x86_64
mutex	netif-unregister	0	spin	virtio-pci	0	aarch64,x86_64
mutex	netif-unregister	0	spin	virtq	0	aarch64,x86_64
mutex	nvme-admin	0	spin	completion-wq	0	aarch64,x86_64
mutex	nvme-admin	0	spin	g_gp_wq	0	x86_64
mutex	nvme-admin	0	spin	mutex-pi	0	aarch64,x86_64
mutex	nvme-admin	0	spin	nvme-admin	0	aarch64,x86_64
mutex	nvme-admin	0	spin	nvme-queue	0	aarch64,x86_64
mutex	nvme-admin	0	spin	runqueue0	0	aarch64,x86_64
mutex	nvme-admin	0	spin	runqueue3	0	aarch64
mutex	nvme-admin	0	spin	timer_queue	0	aarch64,x86_64
mutex	pagecache	0	mutex	cosmofs	0	aarch64,x86_64
mutex	pagecache	0	spin	DMA32	0	aarch64,x86_64
mutex	pagecache	0	spin	Normal	0	aarch64,x86_64
mutex	pagecache	0	spin	blk-pending	0	aarch64,x86_64
mutex	pagecache	0	spin	blk-sync	0	aarch64,x86_64
mutex	pagecache	0	spin	completion-wq	0	aarch64,x86_64
mutex	pagecache	0	spin	console	0	aarch64,x86_64
mutex	pagecache	0	spin	cosmofs	0	aarch64,x86_64
mutex	pagecache	0	spin	dma-stats	0	aarch64,x86_64
mutex	pagecache	0	spin	g_gp_wq	0	aarch64,x86_64
mutex	pagecache	0	spin	iommu-domain	0	aarch64,x86_64
mutex	pagecache	0	spin	klog-ring	0	aarch64,x86_64
mutex	pagecache	0	spin	kmalloc-1024	0	aarch64,x86_64
mutex	pagecache	0	spin	kmalloc-128	0	aarch64,x86_64
mutex	pagecache	0	spin	kmalloc-16	0	aarch64,x86_64
mutex	pagecache	0	spin	kmalloc-192	0	aarch64,x86_64
mutex	pagecache	0	spin	kmalloc-2048	0	aarch64,x86_64
mutex	pagecache	0	spin	kmalloc-256	0	aarch64,x86_64
mutex	pagecache	0	spin	kmalloc-32	0	aarch64,x86_64
mutex	pagecache	0	spin	kmalloc-384	0	aarch64,x86_64
mutex	pagecache	0	spin	kmalloc-4096	0	aarch64,x86_64
mutex	pagecache	0	spin	kmalloc-48	0	aarch64,x86_64
mutex	pagecache	0	spin	kmalloc-512	0	aarch64,x86_64
mutex	pagecache	0	spin	kmalloc-64	0	aarch64,x86_64
mutex	pagecache	0	spin	kmalloc-768	0	aarch64,x86_64
mutex	pagecache	0	spin	kmalloc-8192	0	aarch64,x86_64
mutex	pagecache	0	spin	kmalloc-96	0	aarch64,x86_64
mutex	pagecache	0	spin	kmalloc_large	0	aarch64,x86_64
mutex	pagecache	0	spin	mutex-pi	0	aarch64,x86_64
mutex	pagecache	0	spin	nvme-queue	0	aarch64,x86_64
mutex	pagecache	0	spin	pagecache	0	aarch64,x86_64
mutex	pagecache	0	spin	pagecache-lru	0	aarch64,x86_64
mutex	pagecache	0	spin	pagecache-stats	0	aarch64,x86_64
mutex	pagecache	0	spin	ramblk	0	aarch64,x86_64
mutex	pagecache	0	spin	random	0	aarch64,x86_64
mutex	pagecache	0	spin	runqueue0	0	aarch64,x86_64
mutex	pagecache	0	spin	runqueue2	0	aarch64,x86_64
mutex	pagecache	0	spin	runqueue3	0	aarch64,x86_64
mutex	pagecache	0	spin	shootdown	0	x86_64
mutex	pagecache	0	spin	user_space	0	aarch64,x86_64
mutex	pagecache	0	spin	virtio-blk	0	aarch64,x86_64
mutex	pagecache	0	spin	virtio-console	0	aarch64,x86_64
mutex	pagecache	0	spin	virtio-pci	0	aarch64,x86_64
mutex	pagecache	0	spin	virtq	0	aarch64,x86_64
mutex	pi-test	0	spin	mutex-pi	0	aarch64,x86_64
mutex	pi-test	0	spin	pi-l	0	aarch64,x86_64
mutex	pi-test	0	spin	pi-test	0	aarch64,x86_64
mutex	pi-test	0	spin	runqueue0	0	aarch64,x86_64
mutex	rename	0	mutex	cosmofs	0	aarch64,x86_64
mutex	rename	0	mutex	pagecache	0	aarch64,x86_64
mutex	rename	0	mutex	vnode	0	aarch64,x86_64
mutex	rename	0	mutex	vnode	1	aarch64,x86_64
mutex	rename	0	mutex	vnode	2	aarch64,x86_64
mutex	rename	0	spin	DMA32	0	aarch64,x86_64
mutex	rename	0	spin	Normal	0	aarch64,x86_64
mutex	rename	0	spin	blk-pending	0	aarch64,x86_64
mutex	rename	0	spin	blk-sync	0	aarch64,x86_64
mutex	rename	0	spin	completion-wq	0	aarch64,x86_64
mutex	rename	0	spin	cosmofs	0	aarch64,x86_64
mutex	rename	0	spin	dma-stats	0	aarch64,x86_64
mutex	rename	0	spin	g_gp_wq	0	aarch64,x86_64
mutex	rename	0	spin	kmalloc-16	0	aarch64,x86_64
mutex	rename	0	spin	kmalloc-384	0	aarch64,x86_64
mutex	rename	0	spin	kmalloc-4096	0	aarch64,x86_64
mutex	rename	0	spin	kmalloc-48	0	aarch64,x86_64
mutex	rename	0	spin	kmalloc-64	0	aarch64,x86_64
mutex	rename	0	spin	kmalloc-768	0	aarch64,x86_64
mutex	rename	0	spin	kmalloc-8192	0	aarch64,x86_64
mutex	rename	0	spin	mount-hash	0	aarch64,x86_64
mutex	rename	0	spin	mutex-pi	0	aarch64,x86_64
mutex	rename	0	spin	pagecache	0	aarch64,x86_64
mutex	rename	0	spin	ramblk	0	aarch64,x86_64
mutex	rename	0	spin	rename	0	aarch64,x86_64
mutex	rename	0	spin	runqueue0	0	aarch64,x86_64
mutex	rename	0	spin	runqueue3	0	aarch64
mutex	rename	0	spin	virtio-blk	0	aarch64,x86_64
mutex	rename	0	spin	virtio-pci	0	aarch64,x86_64
mutex	rename	0	spin	virtq	0	aarch64,x86_64
mutex	rename	0	spin	vnode	0	aarch64,x86_64
mutex	selftest-mutex	0	spin	g_gp_wq	0	aarch64,x86_64
mutex	selftest-mutex	0	spin	mutex-pi	0	aarch64,x86_64
mutex	selftest-mutex	0	spin	runqueue0	0	x86_64
mutex	selftest-mutex	0	spin	runqueue1	0	aarch64,x86_64
mutex	selftest-mutex	0	spin	runqueue2	0	aarch64,x86_64
mutex	selftest-mutex	0	spin	runqueue3	0	aarch64,x86_64
mutex	selftest-mutex	0	spin	selftest-mutex	0	aarch64,x86_64
mutex	smp-mutex	0	spin	mutex-pi	0	aarch64,x86_64
mutex	smp-mutex	0	spin	smp-mutex	0	aarch64,x86_64
mutex	socket	0	mutex	socket	1	aarch64,x86_64
mutex	socket	0	mutex	vnode	0	aarch64,x86_64
mutex	socket	0	spin	DMA32	0	aarch64,x86_64
mutex	socket	0	spin	Normal	0	aarch64,x86_64
mutex	socket	0	spin	arp	0	aarch64,x86_64
mutex	socket	0	spin	dma-stats	0	aarch64,x86_64
mutex	socket	0	spin	e1000e	0	aarch64,x86_64
mutex	socket	0	spin	fw	0	aarch64,x86_64
mutex	socket	0	spin	g_gp_wq	0	aarch64,x86_64
mutex	socket	0	spin	g_room_wq	0	aarch64,x86_64
mutex	socket	0	spin	iommu-domain	0	aarch64,x86_64
mutex	socket	0	spin	ipv4-pmtu	0	aarch64,x86_64
mutex	socket	0	spin	kmalloc-128	0	aarch64,x86_64
mutex	socket	0	spin	kmalloc-384	0	aarch64,x86_64
mutex	socket	0	spin	kmalloc-4096	0	aarch64,x86_64
mutex	socket	0	spin	kmalloc-512	0	aarch64,x86_64
mutex	socket	0	spin	kmalloc-64	0	aarch64,x86_64
mutex	socket	0	spin	kmalloc-768	0	aarch64,x86_64
mutex	socket	0	spin	mbuf	0	aarch64,x86_64
mutex	socket	0	spin	mbuf-stats	0	aarch64,x86_64
mutex	socket	0	spin	mcluster	0	aarch64,x86_64
mutex	socket	0	spin	mount-hash	0	aarch64,x86_64
mutex	socket	0	spin	mutex-pi	0	aarch64,x86_64
mutex	socket	0	spin	net-rxq	0	aarch64,x86_64
mutex	socket	0	spin	netifs	0	aarch64,x86_64
mutex	socket	0	spin	netrx	0	aarch64,x86_64
mutex	socket	0	spin	process	0	aarch64,x86_64
mutex	socket	0	spin	random	0	aarch64,x86_64
mutex	socket	0	spin	reorder-test	0	aarch64,x86_64
mutex	socket	0	spin	runqueue0	0	aarch64,x86_64
mutex	socket	0	spin	runqueue1	0	aarch64,x86_64
mutex	socket	0	spin	runqueue2	0	aarch64,x86_64
mutex	socket	0	spin	runqueue3	0	aarch64,x86_64
mutex	socket	0	spin	smmu	0	aarch64
mutex	socket	0	spin	socket	0	aarch64,x86_64
mutex	socket	0	spin	tap-rx	0	aarch64,x86_64
mutex	socket	0	spin	tap-tx	0	aarch64,x86_64
mutex	socket	0	spin	tcp-pcb	0	aarch64,x86_64
mutex	socket	0	spin	tcp-table	0	aarch64,x86_64
mutex	socket	0	spin	timer_queue	0	aarch64,x86_64
mutex	socket	0	spin	udp	0	aarch64,x86_64
mutex	socket	0	spin	unix-registry	0	aarch64,x86_64
mutex	socket	0	spin	virtio-pci	0	aarch64,x86_64
mutex	socket	0	spin	virtq	0	aarch64,x86_64
mutex	socket	0	spin	vnode	0	aarch64,x86_64
mutex	socket	0	spin	vtd	0	x86_64
mutex	socket	1	spin	kmalloc-128	0	aarch64,x86_64
mutex	socket	1	spin	kmalloc-384	0	aarch64,x86_64
mutex	socket	1	spin	kmalloc-512	0	aarch64,x86_64
mutex	socket	1	spin	mutex-pi	0	aarch64,x86_64
mutex	socket	1	spin	socket	0	aarch64,x86_64
mutex	usb-hcd	0	mutex	blkdevs	0	aarch64,x86_64
mutex	usb-hcd	0	mutex	devices	0	aarch64,x86_64
mutex	usb-hcd	0	mutex	xhci-cmd	0	aarch64,x86_64
mutex	usb-hcd	0	spin	DMA32	0	aarch64,x86_64
mutex	usb-hcd	0	spin	Normal	0	aarch64,x86_64
mutex	usb-hcd	0	spin	blk-pending	0	aarch64,x86_64
mutex	usb-hcd	0	spin	blkdevs	0	aarch64,x86_64
mutex	usb-hcd	0	spin	completion-wq	0	aarch64,x86_64
mutex	usb-hcd	0	spin	console	0	aarch64,x86_64
mutex	usb-hcd	0	spin	devices	0	aarch64,x86_64
mutex	usb-hcd	0	spin	dma-stats	0	aarch64,x86_64
mutex	usb-hcd	0	spin	g_gp_wq	0	aarch64,x86_64
mutex	usb-hcd	0	spin	iommu-domain	0	aarch64,x86_64
mutex	usb-hcd	0	spin	klog-ring	0	aarch64,x86_64
mutex	usb-hcd	0	spin	kmalloc-16	0	aarch64,x86_64
mutex	usb-hcd	0	spin	kmalloc-2048	0	aarch64,x86_64
mutex	usb-hcd	0	spin	kmalloc-32	0	aarch64,x86_64
mutex	usb-hcd	0	spin	kmalloc-512	0	aarch64,x86_64
mutex	usb-hcd	0	spin	kmalloc-64	0	aarch64,x86_64
mutex	usb-hcd	0	spin	kmalloc-768	0	aarch64,x86_64
mutex	usb-hcd	0	spin	kmalloc_large	0	aarch64,x86_64
mutex	usb-hcd	0	spin	mutex-pi	0	aarch64,x86_64
mutex	usb-hcd	0	spin	runqueue1	0	x86_64
mutex	usb-hcd	0	spin	runqueue2	0	aarch64
mutex	usb-hcd	0	spin	smmu	0	aarch64
mutex	usb-hcd	0	spin	timer_queue	0	aarch64,x86_64
mutex	usb-hcd	0	spin	usb-hcd	0	aarch64,x86_64
mutex	usb-hcd	0	spin	usb-storage	0	aarch64,x86_64
mutex	usb-hcd	0	spin	usb-sync	0	aarch64,x86_64
mutex	usb-hcd	0	spin	virtio-console	0	aarch64,x86_64
mutex	usb-hcd	0	spin	virtio-pci	0	aarch64,x86_64
mutex	usb-hcd	0	spin	virtq	0	aarch64,x86_64
mutex	usb-hcd	0	spin	vtd	0	x86_64
mutex	usb-hcd	0	spin	xhci	0	aarch64,x86_64
mutex	usb-hcd	0	spin	xhci-cmd	0	aarch64,x86_64
mutex	vcpu	0	mutex	vm	0	aarch64,x86_64
mutex	vcpu	0	spin	DMA32	0	aarch64,x86_64
mutex	vcpu	0	spin	Normal	0	aarch64,x86_64
mutex	vcpu	0	spin	g_gp_wq	0	aarch64,x86_64
mutex	vcpu	0	spin	mutex-pi	0	aarch64,x86_64
mutex	vcpu	0	spin	vcpu	0	aarch64,x86_64
mutex	vcpu	0	spin	vcpu-irq	0	aarch64,x86_64
mutex	vcpu	0	spin	vm	0	aarch64,x86_64
mutex	vcpu	0	spin	vm-console	0	aarch64,x86_64
mutex	vcpu	0	spin	vuart	0	aarch64
mutex	vm	0	spin	DMA32	0	aarch64,x86_64
mutex	vm	0	spin	Normal	0	aarch64,x86_64
mutex	vm	0	spin	g_gp_wq	0	aarch64,x86_64
mutex	vm	0	spin	mutex-pi	0	aarch64,x86_64
mutex	vm	0	spin	vm	0	aarch64,x86_64
mutex	vm_replace	0	spin	DMA32	0	aarch64,x86_64
mutex	vm_replace	0	spin	g_gp_wq	0	aarch64,x86_64
mutex	vm_replace	0	spin	mutex-pi	0	aarch64,x86_64
mutex	vm_replace	0	spin	shootdown	0	x86_64
mutex	vm_replace	0	spin	user_space	0	aarch64,x86_64
mutex	vm_replace	0	spin	vm_replace	0	aarch64,x86_64
mutex	vnode	0	mutex	cosmofs	0	aarch64,x86_64
mutex	vnode	0	mutex	pagecache	0	aarch64,x86_64
mutex	vnode	0	mutex	vnode	1	aarch64,x86_64
mutex	vnode	0	mutex	vnode	2	aarch64,x86_64
mutex	vnode	0	spin	DMA32	0	aarch64,x86_64
mutex	vnode	0	spin	Normal	0	aarch64,x86_64
mutex	vnode	0	spin	blk-pending	0	aarch64,x86_64
mutex	vnode	0	spin	blk-sync	0	aarch64,x86_64
mutex	vnode	0	spin	completion-wq	0	aarch64,x86_64
mutex	vnode	0	spin	console	0	aarch64,x86_64
mutex	vnode	0	spin	cosmofs	0	aarch64,x86_64
mutex	vnode	0	spin	dma-stats	0	aarch64,x86_64
mutex	vnode	0	spin	g_gp_wq	0	aarch64,x86_64
mutex	vnode	0	spin	iommu-domain	0	aarch64,x86_64
mutex	vnode	0	spin	kernel_space	0	aarch64,x86_64
mutex	vnode	0	spin	klog-ring	0	aarch64,x86_64
mutex	vnode	0	spin	kmalloc-1024	0	aarch64,x86_64
mutex	vnode	0	spin	kmalloc-128	0	aarch64,x86_64
mutex	vnode	0	spin	kmalloc-16	0	aarch64,x86_64
mutex	vnode	0	spin	kmalloc-192	0	aarch64,x86_64
mutex	vnode	0	spin	kmalloc-2048	0	aarch64,x86_64
mutex	vnode	0	spin	kmalloc-256	0	aarch64,x86_64
mutex	vnode	0	spin	kmalloc-32	0	aarch64,x86_64
mutex	vnode	0	spin	kmalloc-384	0	aarch64,x86_64
mutex	vnode	0	spin	kmalloc-4096	0	aarch64,x86_64
mutex	vnode	0	spin	kmalloc-48	0	aarch64,x86_64
mutex	vnode	0	spin	kmalloc-512	0	aarch64,x86_64
mutex	vnode	0	spin	kmalloc-64	0	aarch64,x86_64
mutex	vnode	0	spin	kmalloc-768	0	aarch64,x86_64
mutex	vnode	0	spin	kmalloc-8192	0	aarch64,x86_64
mutex	vnode	0	spin	kmalloc-96	0	aarch64,x86_64
mutex	vnode	0	spin	kmalloc_large	0	aarch64,x86_64
mutex	vnode	0	spin	mount-hash	0	aarch64,x86_64
mutex	vnode	0	spin	mutex-pi	0	aarch64,x86_64
mutex	vnode	0	spin	nvme-queue	0	aarch64,x86_64
mutex	vnode	0	spin	pagecache	0	aarch64,x86_64
mutex	vnode	0	spin	pagecache-lru	0	aarch64,x86_64
mutex	vnode	0	spin	pagecache-stats	0	aarch64,x86_64
mutex	vnode	0	spin	process	0	aarch64,x86_64
mutex	vnode	0	spin	process_table	0	aarch64,x86_64
mutex	vnode	0	spin	ramblk	0	aarch64,x86_64
mutex	vnode	0	spin	random	0	aarch64,x86_64
mutex	vnode	0	spin	runqueue0	0	aarch64,x86_64
mutex	vnode	0	spin	runqueue1	0	aarch64,x86_64
mutex	vnode	0	spin	runqueue2	0	aarch64,x86_64
mutex	vnode	0	spin	runqueue3	0	aarch64,x86_64
mutex	vnode	0	spin	shootdown	0	x86_64
mutex	vnode	0	spin	thread	0	aarch64,x86_64
mutex	vnode	0	spin	thread_list	0	aarch64,x86_64
mutex	vnode	0	spin	user_space	0	aarch64,x86_64
mutex	vnode	0	spin	virtio-blk	0	aarch64,x86_64
mutex	vnode	0	spin	virtio-console	0	aarch64,x86_64
mutex	vnode	0	spin	virtio-pci	0	aarch64,x86_64
mutex	vnode	0	spin	virtq	0	aarch64,x86_64
mutex	vnode	0	spin	vm_region	0	aarch64,x86_64
mutex	vnode	0	spin	vnode	0	aarch64,x86_64
mutex	vnode	1	mutex	cosmofs	0	aarch64,x86_64
mutex	vnode	1	mutex	pagecache	0	aarch64,x86_64
mutex	vnode	1	mutex	vnode	2	aarch64,x86_64
mutex	vnode	1	spin	DMA32	0	aarch64,x86_64
mutex	vnode	1	spin	Normal	0	aarch64,x86_64
mutex	vnode	1	spin	blk-pending	0	aarch64,x86_64
mutex	vnode	1	spin	blk-sync	0	aarch64,x86_64
mutex	vnode	1	spin	completion-wq	0	aarch64,x86_64
mutex	vnode	1	spin	cosmofs	0	aarch64,x86_64
mutex	vnode	1	spin	dma-stats	0	aarch64,x86_64
mutex	vnode	1	spin	g_gp_wq	0	aarch64,x86_64
mutex	vnode	1	spin	kmalloc-16	0	aarch64,x86_64
mutex	vnode	1	spin	kmalloc-384	0	aarch64,x86_64
mutex	vnode	1	spin	kmalloc-4096	0	aarch64,x86_64
mutex	vnode	1	spin	kmalloc-48	0	aarch64,x86_64
mutex	vnode	1	spin	kmalloc-768	0	aarch64,x86_64
mutex	vnode	1	spin	kmalloc-8192	0	aarch64,x86_64
mutex	vnode	1	spin	mount-hash	0	aarch64,x86_64
mutex	vnode	1	spin	mutex-pi	0	aarch64,x86_64
mutex	vnode	1	spin	pagecache	0	aarch64,x86_64
mutex	vnode	1	spin	ramblk	0	aarch64,x86_64
mutex	vnode	1	spin	runqueue0	0	aarch64,x86_64
mutex	vnode	1	spin	virtio-blk	0	aarch64,x86_64
mutex	vnode	1	spin	virtio-pci	0	aarch64,x86_64
mutex	vnode	1	spin	virtq	0	aarch64,x86_64
mutex	vnode	1	spin	vnode	0	aarch64,x86_64
mutex	vnode	2	mutex	cosmofs	0	aarch64,x86_64
mutex	vnode	2	spin	DMA32	0	aarch64,x86_64
mutex	vnode	2	spin	Normal	0	aarch64,x86_64
mutex	vnode	2	spin	blk-pending	0	aarch64,x86_64
mutex	vnode	2	spin	blk-sync	0	aarch64,x86_64
mutex	vnode	2	spin	completion-wq	0	aarch64,x86_64
mutex	vnode	2	spin	console	0	aarch64,x86_64
mutex	vnode	2	spin	cosmofs	0	aarch64,x86_64
mutex	vnode	2	spin	dma-stats	0	aarch64,x86_64
mutex	vnode	2	spin	g_gp_wq	0	aarch64,x86_64
mutex	vnode	2	spin	kernel_space	0	aarch64,x86_64
mutex	vnode	2	spin	klog-ring	0	aarch64,x86_64
mutex	vnode	2	spin	kmalloc-1024	0	aarch64,x86_64
mutex	vnode	2	spin	kmalloc-128	0	aarch64,x86_64
mutex	vnode	2	spin	kmalloc-16	0	aarch64,x86_64
mutex	vnode	2	spin	kmalloc-192	0	aarch64,x86_64
mutex	vnode	2	spin	kmalloc-2048	0	aarch64,x86_64
mutex	vnode	2	spin	kmalloc-256	0	aarch64,x86_64
mutex	vnode	2	spin	kmalloc-32	0	aarch64,x86_64
mutex	vnode	2	spin	kmalloc-384	0	aarch64,x86_64
mutex	vnode	2	spin	kmalloc-4096	0	aarch64,x86_64
mutex	vnode	2	spin	kmalloc-48	0	aarch64,x86_64
mutex	vnode	2	spin	kmalloc-512	0	aarch64,x86_64
mutex	vnode	2	spin	kmalloc-64	0	aarch64,x86_64
mutex	vnode	2	spin	kmalloc-8192	0	aarch64,x86_64
mutex	vnode	2	spin	kmalloc-96	0	aarch64,x86_64
mutex	vnode	2	spin	mount-hash	0	aarch64,x86_64
mutex	vnode	2	spin	mutex-pi	0	aarch64,x86_64
mutex	vnode	2	spin	ramblk	0	aarch64,x86_64
mutex	vnode	2	spin	random	0	aarch64,x86_64
mutex	vnode	2	spin	runqueue0	0	aarch64,x86_64
mutex	vnode	2	spin	runqueue1	0	aarch64,x86_64
mutex	vnode	2	spin	runqueue2	0	aarch64
mutex	vnode	2	spin	runqueue3	0	aarch64,x86_64
mutex	vnode	2	spin	thread	0	aarch64,x86_64
mutex	vnode	2	spin	thread_list	0	aarch64,x86_64
mutex	vnode	2	spin	virtio-blk	0	aarch64,x86_64
mutex	vnode	2	spin	virtio-console	0	aarch64,x86_64
mutex	vnode	2	spin	virtio-pci	0	aarch64,x86_64
mutex	vnode	2	spin	virtq	0	aarch64,x86_64
mutex	vnode	2	spin	vm_region	0	aarch64,x86_64
mutex	vnode	2	spin	vnode	0	aarch64,x86_64
mutex	xhci-cmd	0	spin	completion-wq	0	aarch64,x86_64
mutex	xhci-cmd	0	spin	g_gp_wq	0	aarch64,x86_64
mutex	xhci-cmd	0	spin	mutex-pi	0	aarch64,x86_64
mutex	xhci-cmd	0	spin	runqueue1	0	x86_64
mutex	xhci-cmd	0	spin	runqueue2	0	aarch64
mutex	xhci-cmd	0	spin	timer_queue	0	aarch64,x86_64
mutex	xhci-cmd	0	spin	xhci	0	aarch64,x86_64
mutex	xhci-cmd	0	spin	xhci-cmd	0	aarch64,x86_64
mutex	xhci-controllers	0	spin	mutex-pi	0	aarch64,x86_64
mutex	xhci-controllers	0	spin	runqueue0	0	aarch64,x86_64
mutex	xhci-controllers	0	spin	sleep	0	aarch64,x86_64
mutex	xhci-controllers	0	spin	timer_queue	0	aarch64,x86_64
mutex	xhci-controllers	0	spin	xhci-controllers	0	aarch64,x86_64
spin	ahci-port	0	spin	dma-stats	0	aarch64,x86_64
spin	ahci-port	0	spin	iommu-domain	0	aarch64,x86_64
spin	ahci-port	0	spin	smmu	0	aarch64
spin	ahci-port	0	spin	vtd	0	x86_64
spin	ahci-sync	0	spin	completion-wq	0	aarch64,x86_64
spin	ahci-sync	0	spin	runqueue2	0	aarch64
spin	ahci-sync	0	spin	runqueue3	0	aarch64,x86_64
spin	arp	0	spin	mbuf	0	aarch64,x86_64
spin	arp	0	spin	mbuf-stats	0	aarch64,x86_64
spin	arp	0	spin	mcluster	0	aarch64,x86_64
spin	asid	0	spin	console	0	aarch64
spin	asid	0	spin	klog-ring	0	aarch64
spin	asid	0	spin	virtio-console	0	aarch64
spin	asid	0	spin	virtio-pci	0	aarch64
spin	asid	0	spin	virtq	0	aarch64
spin	bal-aff-rel	0	spin	completion-wq	0	aarch64,x86_64
spin	bal-aff-rel	0	spin	runqueue0	0	aarch64
spin	bal-aff-rel	0	spin	runqueue1	0	x86_64
spin	bal-aff-start	0	spin	completion-wq	0	aarch64,x86_64
spin	bal-aff-start	0	spin	runqueue0	0	x86_64
spin	bal-aff-start	0	spin	runqueue3	0	aarch64
spin	bal-rel	0	spin	completion-wq	0	aarch64,x86_64
spin	bal-rel	0	spin	runqueue0	0	aarch64
spin	bal-rel	0	spin	runqueue1	0	aarch64,x86_64
spin	bal-rel	0	spin	runqueue2	0	aarch64,x86_64
spin	bal-rel	0	spin	runqueue3	0	x86_64
spin	bal-start	0	spin	completion-wq	0	aarch64,x86_64
spin	bal-start	0	spin	runqueue0	0	x86_64
spin	bal-start	0	spin	runqueue3	0	aarch64
spin	bench-rel	0	spin	completion-wq	0	aarch64,x86_64
spin	bench-rel	0	spin	runqueue0	0	aarch64,x86_64
spin	bench-rel	0	spin	runqueue1	0	aarch64,x86_64
spin	bench-rel	0	spin	runqueue2	0	aarch64,x86_64
spin	bench-rel	0	spin	runqueue3	0	aarch64,x86_64
spin	bench-start	0	spin	completion-wq	0	aarch64,x86_64
spin	bench-start	0	spin	runqueue0	0	x86_64
spin	bench-start	0	spin	runqueue3	0	aarch64
spin	blk-sync	0	spin	completion-wq	0	aarch64,x86_64
spin	blk-sync	0	spin	runqueue0	0	aarch64,x86_64
spin	blk-sync	0	spin	runqueue1	0	aarch64,x86_64
spin	blk-sync	0	spin	runqueue2	0	aarch64,x86_64
spin	blk-sync	0	spin	runqueue3	0	aarch64,x86_64
spin	children	0	spin	runqueue0	0	aarch64,x86_64
spin	children	0	spin	runqueue1	0	aarch64,x86_64
spin	children	0	spin	runqueue2	0	aarch64,x86_64
spin	children	0	spin	runqueue3	0	aarch64,x86_64
spin	chrblock-reader	0	spin	completion-wq	0	aarch64,x86_64
spin	chrblock-release	0	spin	completion-wq	0	aarch64,x86_64
spin	chrblock-release	0	spin	runqueue1	0	aarch64
spin	chrblock-release	0	spin	runqueue2	0	x86_64
spin	chrblock-writer	0	spin	completion-wq	0	aarch64,x86_64
spin	completion-wq	0	spin	runqueue0	0	aarch64,x86_64
spin	completion-wq	0	spin	runqueue1	0	aarch64,x86_64
spin	completion-wq	0	spin	runqueue2	0	aarch64,x86_64
spin	completion-wq	0	spin	runqueue3	0	aarch64,x86_64
spin	console	0	spin	virtio-console	0	aarch64,x86_64
spin	console	0	spin	virtio-pci	0	aarch64,x86_64
spin	console	0	spin	virtq	0	aarch64,x86_64
spin	cr	0	spin	completion-wq	0	aarch64,x86_64
spin	cr	0	spin	runqueue0	0	aarch64,x86_64
spin	cross-wake	0	spin	runqueue1	0	aarch64,x86_64
spin	ct	0	spin	completion-wq	0	aarch64,x86_64
spin	e1000e	0	spin	dma-stats	0	aarch64,x86_64
spin	e1000e	0	spin	iommu-domain	0	aarch64,x86_64
spin	e1000e	0	spin	mbuf	0	aarch64,x86_64
spin	e1000e	0	spin	mbuf-stats	0	aarch64,x86_64
spin	e1000e	0	spin	mcluster	0	aarch64,x86_64
spin	e1000e	0	spin	net-rxq	0	aarch64,x86_64
spin	e1000e	0	spin	netrx	0	aarch64,x86_64
spin	e1000e	0	spin	runqueue0	0	aarch64,x86_64
spin	e1000e	0	spin	smmu	0	aarch64
spin	e1000e	0	spin	vtd	0	x86_64
spin	fifo	0	spin	pipe	0	aarch64,x86_64
spin	fifo-open	0	spin	runqueue0	0	x86_64
spin	fifo-open	0	spin	runqueue1	0	aarch64
spin	fifo-open	0	spin	runqueue2	0	aarch64,x86_64
spin	fifo-open	0	spin	runqueue3	0	aarch64,x86_64
spin	file	0	spin	runqueue0	0	aarch64,x86_64
spin	file	0	spin	runqueue1	0	aarch64,x86_64
spin	file	0	spin	runqueue2	0	aarch64,x86_64
spin	file	0	spin	runqueue3	0	x86_64
spin	futex	0	spin	futex	1	aarch64,x86_64
spin	futex	0	spin	runqueue0	0	aarch64,x86_64
spin	futex	0	spin	runqueue1	0	aarch64,x86_64
spin	futex	0	spin	runqueue2	0	aarch64,x86_64
spin	futex	0	spin	runqueue3	0	aarch64,x86_64
spin	g_gp_wq	0	spin	runqueue0	0	aarch64,x86_64
spin	g_gp_wq	0	spin	runqueue1	0	aarch64,x86_64
spin	g_gp_wq	0	spin	runqueue2	0	aarch64,x86_64
spin	g_gp_wq	0	spin	runqueue3	0	aarch64,x86_64
spin	g_reap_wq	0	spin	runqueue0	0	aarch64,x86_64
spin	g_reap_wq	0	spin	runqueue2	0	x86_64
spin	g_reap_wq	0	spin	runqueue3	0	aarch64
spin	g_room_wq	0	spin	runqueue0	0	x86_64
spin	g_room_wq	0	spin	runqueue2	0	aarch64
spin	g_storm_wq	0	spin	runqueue1	0	aarch64,x86_64
spin	g_storm_wq	0	spin	runqueue2	0	aarch64,x86_64
spin	g_storm_wq	0	spin	runqueue3	0	aarch64,x86_64
spin	g_worker_wq	0	spin	runqueue0	0	aarch64,x86_64
spin	gic	0	spin	gicv2m	0	aarch64
spin	hyst-rel	0	spin	completion-wq	0	aarch64,x86_64
spin	hyst-rel	0	spin	runqueue0	0	aarch64
spin	hyst-rel	0	spin	runqueue1	0	aarch64,x86_64
spin	hyst-rel	0	spin	runqueue2	0	x86_64
spin	hyst-start	0	spin	completion-wq	0	aarch64,x86_64
spin	hyst-start	0	spin	runqueue0	0	x86_64
spin	hyst-start	0	spin	runqueue3	0	aarch64
spin	iommu-domain	0	spin	DMA32	0	aarch64,x86_64
spin	iommu-domain	0	spin	Normal	0	aarch64,x86_64
spin	iommu-domain	0	spin	smmu	0	aarch64
spin	iommu-domain	0	spin	vtd	0	x86_64
spin	irq	0	spin	console	0	aarch64
spin	irq	0	spin	gic	0	aarch64
spin	irq	0	spin	gicv2m	0	aarch64
spin	irq	0	spin	ioapic	0	x86_64
spin	irq	0	spin	klog-ring	0	aarch64
spin	irq	0	spin	vectors	0	x86_64
spin	irq	0	spin	virtio-console	0	aarch64
spin	irq	0	spin	virtio-pci	0	aarch64
spin	irq	0	spin	virtq	0	aarch64
spin	kernel_space	0	spin	DMA32	0	aarch64,x86_64
spin	kernel_space	0	spin	Normal	0	aarch64,x86_64
spin	kernel_space	0	spin	vm-anon-hold	0	aarch64,x86_64
spin	kernel_space	0	spin	vm_region	0	aarch64,x86_64
spin	kmalloc-1024	0	spin	DMA32	0	aarch64,x86_64
spin	kmalloc-1024	0	spin	Normal	0	aarch64,x86_64
spin	kmalloc-128	0	spin	DMA32	0	aarch64,x86_64
spin	kmalloc-128	0	spin	Normal	0	aarch64,x86_64
spin	kmalloc-16	0	spin	DMA32	0	aarch64,x86_64
spin	kmalloc-16	0	spin	Normal	0	aarch64,x86_64
spin	kmalloc-192	0	spin	DMA32	0	aarch64,x86_64
spin	kmalloc-192	0	spin	Normal	0	aarch64,x86_64
spin	kmalloc-2048	0	spin	DMA32	0	aarch64,x86_64
spin	kmalloc-2048	0	spin	Normal	0	aarch64,x86_64
spin	kmalloc-256	0	spin	DMA32	0	aarch64,x86_64
spin	kmalloc-256	0	spin	Normal	0	aarch64,x86_64
spin	kmalloc-32	0	spin	DMA32	0	aarch64,x86_64
spin	kmalloc-32	0	spin	Normal	0	aarch64,x86_64
spin	kmalloc-384	0	spin	DMA32	0	aarch64,x86_64
spin	kmalloc-384	0	spin	Normal	0	aarch64,x86_64
spin	kmalloc-4096	0	spin	DMA32	0	aarch64,x86_64
spin	kmalloc-4096	0	spin	Normal	0	aarch64,x86_64
spin	kmalloc-48	0	spin	DMA32	0	aarch64,x86_64
spin	kmalloc-48	0	spin	Normal	0	aarch64,x86_64
spin	kmalloc-512	0	spin	DMA32	0	aarch64,x86_64
spin	kmalloc-512	0	spin	Normal	0	aarch64,x86_64
spin	kmalloc-64	0	spin	DMA32	0	aarch64,x86_64
spin	kmalloc-64	0	spin	Normal	0	aarch64,x86_64
spin	kmalloc-768	0	spin	DMA32	0	aarch64,x86_64
spin	kmalloc-768	0	spin	Normal	0	aarch64,x86_64
spin	kmalloc-8192	0	spin	DMA32	0	aarch64,x86_64
spin	kmalloc-8192	0	spin	Normal	0	aarch64,x86_64
spin	kmalloc-96	0	spin	DMA32	0	aarch64,x86_64
spin	kmalloc-96	0	spin	Normal	0	aarch64,x86_64
spin	kmem_cache	0	spin	DMA32	0	aarch64,x86_64
spin	kmem_cache	0	spin	Normal	0	aarch64,x86_64
spin	load-place	0	spin	completion-wq	0	aarch64,x86_64
spin	load-place	0	spin	runqueue0	0	x86_64
spin	load-place	0	spin	runqueue3	0	aarch64
spin	load-place-rel	0	spin	completion-wq	0	aarch64,x86_64
spin	load-place-rel	0	spin	runqueue1	0	aarch64
spin	load-place-rel	0	spin	runqueue2	0	aarch64,x86_64
spin	load-place-rel	0	spin	runqueue3	0	x86_64
spin	lockdep-chain-0	0	spin	lockdep-chain-1	0	aarch64,x86_64
spin	lockdep-chain-1	0	spin	lockdep-chain-2	0	aarch64,x86_64
spin	lockdep-chain-2	0	spin	lockdep-chain-3	0	aarch64,x86_64
spin	lockdep-chain-3	0	spin	lockdep-chain-4	0	aarch64,x86_64
spin	lockdep-chain-4	0	spin	lockdep-chain-5	0	aarch64,x86_64
spin	lockdep-chain-5	0	spin	lockdep-chain-6	0	aarch64,x86_64
spin	lockdep-chain-6	0	spin	lockdep-chain-7	0	aarch64,x86_64
spin	lockdep-chain-7	0	spin	lockdep-chain-8	0	aarch64,x86_64
spin	lockdep-chain-8	0	spin	lockdep-chain-9	0	aarch64,x86_64
spin	lockdep-chain-9	0	spin	console	0	aarch64,x86_64
spin	lockdep-chain-9	0	spin	klog-ring	0	aarch64,x86_64
spin	lockdep-chain-9	0	spin	virtio-console	0	aarch64,x86_64
spin	lockdep-chain-9	0	spin	virtio-pci	0	aarch64,x86_64
spin	lockdep-chain-9	0	spin	virtq	0	aarch64,x86_64
spin	lockdep-test-a	0	spin	lockdep-test-b	0	aarch64,x86_64
spin	lockdep-test-b	0	spin	console	0	aarch64,x86_64
spin	lockdep-test-b	0	spin	klog-ring	0	aarch64,x86_64
spin	lockdep-test-b	0	spin	virtio-console	0	aarch64,x86_64
spin	lockdep-test-b	0	spin	virtio-pci	0	aarch64,x86_64
spin	lockdep-test-b	0	spin	virtq	0	aarch64,x86_64
spin	lockdep-test-cont-m	0	spin	lockdep-test-cont-l	0	aarch64,x86_64
spin	lockdep-test-pair	0	spin	console	0	aarch64,x86_64
spin	lockdep-test-pair	0	spin	klog-ring	0	aarch64,x86_64
spin	lockdep-test-pair	0	spin	lockdep-test-pair	1	aarch64,x86_64
spin	lockdep-test-pair	0	spin	virtio-console	0	aarch64,x86_64
spin	lockdep-test-pair	0	spin	virtio-pci	0	aarch64,x86_64
spin	lockdep-test-pair	0	spin	virtq	0	aarch64,x86_64
spin	lockdep-test-sleep	0	spin	console	0	aarch64,x86_64
spin	lockdep-test-sleep	0	spin	klog-ring	0	aarch64,x86_64
spin	lockdep-test-sleep	0	spin	virtio-console	0	aarch64,x86_64
spin	lockdep-test-sleep	0	spin	virtio-pci	0	aarch64,x86_64
spin	lockdep-test-sleep	0	spin	virtq	0	aarch64,x86_64
spin	lockdep-test-under2	0	mutex	lockdep-test-m3	0	aarch64,x86_64
spin	lockdep-test-under2	0	spin	console	0	aarch64,x86_64
spin	lockdep-test-under2	0	spin	klog-ring	0	aarch64,x86_64
spin	lockdep-test-under2	0	spin	lockdep-test-m3	0	aarch64,x86_64
spin	lockdep-test-under2	0	spin	mutex-pi	0	aarch64,x86_64
spin	lockdep-test-under2	0	spin	virtio-console	0	aarch64,x86_64
spin	lockdep-test-under2	0	spin	virtio-pci	0	aarch64,x86_64
spin	lockdep-test-under2	0	spin	virtq	0	aarch64,x86_64
spin	mbuf	0	spin	DMA32	0	aarch64,x86_64
spin	mbuf	0	spin	Normal	0	aarch64,x86_64
spin	mcluster	0	spin	DMA32	0	aarch64,x86_64
spin	mcluster	0	spin	Normal	0	aarch64,x86_64
spin	mig-pp	0	spin	completion-wq	0	aarch64,x86_64
spin	mig-pp	0	spin	runqueue0	0	aarch64,x86_64
spin	mig-pp	0	spin	runqueue1	0	aarch64,x86_64
spin	mig-pp	0	spin	runqueue2	0	aarch64,x86_64
spin	mig-pp	0	spin	runqueue3	0	aarch64,x86_64
spin	mig-stress	0	spin	runqueue0	0	aarch64,x86_64
spin	mig-stress	0	spin	runqueue1	0	aarch64,x86_64
spin	mig-stress	0	spin	runqueue2	0	aarch64,x86_64
spin	mig-stress	0	spin	runqueue3	0	aarch64,x86_64
spin	mig-window	0	spin	runqueue0	0	aarch64
spin	mig-window	0	spin	runqueue1	0	x86_64
spin	mount-passes	0	spin	runqueue0	0	x86_64
spin	mount-passes	0	spin	runqueue1	0	x86_64
spin	mount-passes	0	spin	runqueue3	0	aarch64
spin	mutex-pi	0	spin	ahci-hotplug	0	aarch64,x86_64
spin	mutex-pi	0	spin	aio	0	aarch64,x86_64
spin	mutex-pi	0	spin	blkdevs	0	aarch64,x86_64
spin	mutex-pi	0	spin	cosmofs	0	aarch64,x86_64
spin	mutex-pi	0	spin	devices	0	aarch64,x86_64
spin	mutex-pi	0	spin	file	0	aarch64,x86_64
spin	mutex-pi	0	spin	fsctl-open	0	aarch64,x86_64
spin	mutex-pi	0	spin	hv	0	aarch64,x86_64
spin	mutex-pi	0	spin	lockdep-test-m1	0	aarch64,x86_64
spin	mutex-pi	0	spin	lockdep-test-m2	0	aarch64,x86_64
spin	mutex-pi	0	spin	lockdep-test-m3	0	aarch64,x86_64
spin	mutex-pi	0	spin	mig-stress	0	aarch64,x86_64
spin	mutex-pi	0	spin	modules	0	aarch64,x86_64
spin	mutex-pi	0	spin	mount-sync	0	aarch64,x86_64
spin	mutex-pi	0	spin	mounts	0	aarch64,x86_64
spin	mutex-pi	0	spin	netif-unregister	0	aarch64,x86_64
spin	mutex-pi	0	spin	nvme-admin	0	aarch64,x86_64
spin	mutex-pi	0	spin	pagecache	0	aarch64,x86_64
spin	mutex-pi	0	spin	pi-test	0	aarch64,x86_64
spin	mutex-pi	0	spin	rename	0	aarch64,x86_64
spin	mutex-pi	0	spin	runqueue0	0	aarch64,x86_64
spin	mutex-pi	0	spin	runqueue2	0	aarch64
spin	mutex-pi	0	spin	runqueue3	0	aarch64,x86_64
spin	mutex-pi	0	spin	selftest-mutex	0	aarch64,x86_64
spin	mutex-pi	0	spin	smp-mutex	0	aarch64,x86_64
spin	mutex-pi	0	spin	socket	0	aarch64,x86_64
spin	mutex-pi	0	spin	usb-hcd	0	aarch64,x86_64
spin	mutex-pi	0	spin	vcpu	0	aarch64,x86_64
spin	mutex-pi	0	spin	vm	0	aarch64,x86_64
spin	mutex-pi	0	spin	vm_replace	0	aarch64,x86_64
spin	mutex-pi	0	spin	vnode	0	aarch64,x86_64
spin	mutex-pi	0	spin	xhci-cmd	0	aarch64,x86_64
spin	mutex-pi	0	spin	xhci-controllers	0	aarch64,x86_64
spin	nat	0	spin	tcp-table	0	aarch64,x86_64
spin	nat	0	spin	udp	0	aarch64,x86_64
spin	nat-pf	0	spin	nat	0	aarch64,x86_64
spin	nd	0	spin	mbuf	0	aarch64,x86_64
spin	nd	0	spin	mbuf-stats	0	aarch64,x86_64
spin	nd	0	spin	mcluster	0	aarch64,x86_64
spin	netif-barrier	0	spin	completion-wq	0	aarch64,x86_64
spin	netif-barrier	0	spin	runqueue0	0	aarch64,x86_64
spin	netif-barrier	0	spin	runqueue1	0	aarch64,x86_64
spin	netif-barrier	0	spin	runqueue2	0	aarch64,x86_64
spin	netif-barrier	0	spin	runqueue3	0	aarch64
spin	netrx	0	spin	runqueue0	0	aarch64,x86_64
spin	netrx	0	spin	runqueue1	0	aarch64,x86_64
spin	netrx	0	spin	runqueue2	0	aarch64,x86_64
spin	netrx	0	spin	runqueue3	0	aarch64,x86_64
spin	nvme-admin	0	spin	completion-wq	0	aarch64,x86_64
spin	nvme-admin	0	spin	runqueue0	0	aarch64,x86_64
spin	nvme-admin	0	spin	runqueue3	0	aarch64
spin	nvme-queue	0	spin	dma-stats	0	aarch64,x86_64
spin	nvme-queue	0	spin	iommu-domain	0	aarch64,x86_64
spin	nvme-queue	0	spin	smmu	0	aarch64
spin	nvme-queue	0	spin	vtd	0	x86_64
spin	pagecache	0	spin	runqueue0	0	aarch64,x86_64
spin	pagecache	0	spin	runqueue1	0	aarch64,x86_64
spin	pagecache	0	spin	runqueue2	0	aarch64,x86_64
spin	pagecache	0	spin	runqueue3	0	aarch64,x86_64
spin	pair-rel	0	spin	completion-wq	0	aarch64,x86_64
spin	pair-rel	0	spin	runqueue0	0	aarch64
spin	pair-rel	0	spin	runqueue1	0	x86_64
spin	pair-start	0	spin	completion-wq	0	aarch64,x86_64
spin	pair-start	0	spin	runqueue0	0	x86_64
spin	pair-start	0	spin	runqueue3	0	aarch64
spin	pi-l	0	spin	runqueue0	0	aarch64,x86_64
spin	pi-mid	0	spin	runqueue0	0	aarch64,x86_64
spin	pi-test	0	spin	runqueue0	0	aarch64,x86_64
spin	pipe-rd	0	spin	runqueue0	0	aarch64,x86_64
spin	pipe-rd	0	spin	runqueue1	0	aarch64,x86_64
spin	pipe-rd	0	spin	runqueue2	0	aarch64
spin	pipe-rd	0	spin	runqueue3	0	aarch64,x86_64
spin	pipe-wr	0	spin	runqueue0	0	aarch64,x86_64
spin	pipe-wr	0	spin	runqueue1	0	x86_64
spin	pipe-wr	0	spin	runqueue2	0	aarch64,x86_64
spin	pipe-wr	0	spin	runqueue3	0	aarch64
spin	preempt-probe	0	spin	runqueue1	0	aarch64,x86_64
spin	preempt-wake	0	spin	runqueue0	0	aarch64,x86_64
spin	preempt-wake-locked	0	spin	runqueue0	0	aarch64,x86_64
spin	process	0	spin	DMA32	0	aarch64,x86_64
spin	process	0	spin	Normal	0	aarch64,x86_64
spin	process	0	spin	runqueue0	0	aarch64,x86_64
spin	process	0	spin	runqueue1	0	aarch64,x86_64
spin	process	0	spin	runqueue2	0	aarch64,x86_64
spin	process	0	spin	runqueue3	0	aarch64,x86_64
spin	process-exit	0	spin	completion-wq	0	aarch64,x86_64
spin	process-exit	0	spin	runqueue1	0	aarch64
spin	process-exit	0	spin	runqueue2	0	x86_64
spin	process-exit	0	spin	runqueue3	0	x86_64
spin	process_table	0	spin	process	0	aarch64,x86_64
spin	ramblk	0	spin	DMA32	0	aarch64,x86_64
spin	ramblk	0	spin	Normal	0	aarch64,x86_64
spin	ramblk	0	spin	kmalloc-4096	0	aarch64,x86_64
spin	reap-hold	0	spin	completion-wq	0	aarch64,x86_64
spin	reap-hold	0	spin	runqueue2	0	x86_64
spin	reap-hold	0	spin	runqueue3	0	aarch64
spin	reorder-test	0	spin	mbuf	0	aarch64,x86_64
spin	reorder-test	0	spin	mbuf-stats	0	aarch64,x86_64
spin	reorder-test	0	spin	mcluster	0	aarch64,x86_64
spin	runqueue0	0	spin	asid	0	aarch64
spin	runqueue0	0	spin	runqueue1	0	aarch64,x86_64
spin	runqueue0	0	spin	runqueue2	0	aarch64,x86_64
spin	runqueue0	0	spin	runqueue3	0	aarch64,x86_64
spin	runqueue1	0	spin	asid	0	aarch64
spin	runqueue1	0	spin	console	0	aarch64,x86_64
spin	runqueue1	0	spin	klog-ring	0	aarch64,x86_64
spin	runqueue1	0	spin	runqueue2	0	aarch64,x86_64
spin	runqueue1	0	spin	runqueue3	0	aarch64,x86_64
spin	runqueue1	0	spin	virtio-console	0	aarch64,x86_64
spin	runqueue1	0	spin	virtio-pci	0	aarch64,x86_64
spin	runqueue1	0	spin	virtq	0	aarch64,x86_64
spin	runqueue2	0	spin	asid	0	aarch64
spin	runqueue2	0	spin	runqueue3	0	aarch64,x86_64
spin	runqueue3	0	spin	asid	0	aarch64
spin	selftest-completion	0	spin	completion-wq	0	aarch64,x86_64
spin	selftest-completion	0	spin	runqueue0	0	aarch64,x86_64
spin	selftest-mutex	0	spin	runqueue0	0	x86_64
spin	selftest-mutex	0	spin	runqueue1	0	aarch64,x86_64
spin	selftest-mutex	0	spin	runqueue2	0	aarch64,x86_64
spin	selftest-mutex	0	spin	runqueue3	0	aarch64,x86_64
spin	selftest-obj	0	spin	DMA32	0	aarch64,x86_64
spin	selftest-obj	0	spin	Normal	0	aarch64,x86_64
spin	selftest-sem	0	spin	runqueue2	0	aarch64
spin	selftest-sem	0	spin	runqueue3	0	x86_64
spin	selftest-sem2	0	spin	runqueue1	0	aarch64,x86_64
spin	selftest-sem2	0	spin	runqueue3	0	aarch64
spin	selftest-wq	0	spin	runqueue1	0	aarch64,x86_64
spin	selftest-wq	0	spin	runqueue2	0	aarch64,x86_64
spin	shootdown	0	spin	e1000e	0	x86_64
spin	shootdown	0	spin	runqueue0	0	x86_64
spin	shootdown	0	spin	runqueue1	0	x86_64
spin	shootdown	0	spin	runqueue2	0	x86_64
spin	shootdown	0	spin	timer_queue	0	x86_64
spin	sleep	0	spin	runqueue0	0	aarch64,x86_64
spin	sleep	0	spin	runqueue1	0	aarch64,x86_64
spin	sleep	0	spin	runqueue2	0	aarch64,x86_64
spin	sleep	0	spin	runqueue3	0	aarch64,x86_64
spin	smp-mutex	0	spin	runqueue0	0	aarch64,x86_64
spin	smp-mutex	0	spin	runqueue1	0	aarch64,x86_64
spin	smp-mutex	0	spin	runqueue2	0	aarch64,x86_64
spin	smp-mutex	0	spin	runqueue3	0	aarch64,x86_64
spin	smp_call	0	spin	e1000e	0	aarch64
spin	smp_call	0	spin	g_storm_wq	0	aarch64,x86_64
spin	smp_call	0	spin	runqueue0	0	aarch64,x86_64
spin	smp_call	0	spin	runqueue1	0	aarch64,x86_64
spin	smp_call	0	spin	runqueue2	0	aarch64,x86_64
spin	smp_call	0	spin	runqueue3	0	aarch64,x86_64
spin	smp_call	0	spin	timer_queue	0	aarch64,x86_64
spin	socket	0	spin	runqueue0	0	aarch64,x86_64
spin	socket	0	spin	runqueue1	0	aarch64,x86_64
spin	socket	0	spin	runqueue2	0	aarch64,x86_64
spin	socket	0	spin	runqueue3	0	aarch64,x86_64
spin	spread	0	spin	completion-wq	0	aarch64,x86_64
spin	spread	0	spin	runqueue0	0	x86_64
spin	spread	0	spin	runqueue3	0	aarch64
spin	spread-rel	0	spin	completion-wq	0	aarch64,x86_64
spin	spread-rel	0	spin	runqueue0	0	aarch64
spin	spread-rel	0	spin	runqueue1	0	aarch64,x86_64
spin	spread-rel	0	spin	runqueue2	0	aarch64,x86_64
spin	spread-rel	0	spin	runqueue3	0	x86_64
spin	stopped	0	spin	runqueue0	0	aarch64
spin	stopped	0	spin	runqueue1	0	aarch64,x86_64
spin	stopped	0	spin	runqueue2	0	x86_64
spin	stopped	0	spin	runqueue3	0	aarch64
spin	tap-rx	0	spin	runqueue0	0	x86_64
spin	tap-rx	0	spin	runqueue1	0	aarch64,x86_64
spin	tap-rx	0	spin	runqueue2	0	x86_64
spin	tap-rx	0	spin	runqueue3	0	aarch64
spin	tapsvc-dns	0	spin	random	0	aarch64,x86_64
spin	tapsvc-list	0	spin	tapsvc-dns	0	aarch64,x86_64
spin	tcp-pcb	0	spin	DMA32	0	aarch64,x86_64
spin	tcp-pcb	0	spin	Normal	0	aarch64,x86_64
spin	tcp-pcb	0	spin	kmalloc-2048	0	aarch64,x86_64
spin	tcp-pcb	0	spin	kmalloc_large	0	aarch64,x86_64
spin	tcp-pcb	0	spin	mbuf	0	aarch64,x86_64
spin	tcp-pcb	0	spin	mbuf-stats	0	aarch64,x86_64
spin	tcp-pcb	0	spin	mcluster	0	aarch64,x86_64
spin	tcp-pcb	0	spin	random	0	aarch64,x86_64
spin	tcp-pcb	0	spin	tcp-challenge	0	aarch64,x86_64
spin	tcp-pcb	0	spin	tcp-pcb	1	aarch64,x86_64
spin	tcp-pcb	0	spin	tcp-table	0	aarch64,x86_64
spin	tcp-pcb	0	spin	timer_queue	0	aarch64,x86_64
spin	tcp-pcb	1	spin	mbuf	0	aarch64,x86_64
spin	tcp-pcb	1	spin	mbuf-stats	0	aarch64,x86_64
spin	tcp-pcb	1	spin	mcluster	0	aarch64,x86_64
spin	tcp-pcb	1	spin	tcp-table	0	aarch64,x86_64
spin	tcp-pcb	1	spin	timer_queue	0	aarch64,x86_64
spin	tcp-table	0	spin	random	0	aarch64,x86_64
spin	thread	0	spin	DMA32	0	aarch64,x86_64
spin	thread	0	spin	Normal	0	aarch64,x86_64
spin	thread-exit	0	spin	completion-wq	0	aarch64,x86_64
spin	thread-exit	0	spin	runqueue0	0	aarch64,x86_64
spin	thread-exit	0	spin	runqueue1	0	aarch64,x86_64
spin	thread-exit	0	spin	runqueue2	0	aarch64,x86_64
spin	thread-exit	0	spin	runqueue3	0	aarch64,x86_64
spin	timer	0	spin	runqueue1	0	x86_64
spin	timer	0	spin	runqueue3	0	aarch64
spin	timer	0	spin	timer_queue	0	aarch64,x86_64
spin	tty	0	spin	console	0	aarch64,x86_64
spin	tty	0	spin	runqueue0	0	aarch64,x86_64
spin	tty	0	spin	runqueue1	0	aarch64,x86_64
spin	tty	0	spin	runqueue2	0	aarch64,x86_64
spin	tty	0	spin	runqueue3	0	x86_64
spin	tty	0	spin	tty-readers	0	aarch64,x86_64
spin	tty	0	spin	virtio-console	0	aarch64,x86_64
spin	tty	0	spin	virtio-pci	0	aarch64,x86_64
spin	tty	0	spin	virtq	0	aarch64,x86_64
spin	tty-readers	0	spin	runqueue0	0	aarch64,x86_64
spin	tty-readers	0	spin	runqueue1	0	aarch64,x86_64
spin	tty-readers	0	spin	runqueue2	0	aarch64,x86_64
spin	tty-readers	0	spin	runqueue3	0	x86_64
spin	udp	0	spin	udp-rxq	0	aarch64,x86_64
spin	unix-conn	0	spin	kmalloc-768	0	aarch64,x86_64
spin	unix-conn	0	spin	runqueue0	0	aarch64,x86_64
spin	unix-conn	0	spin	runqueue1	0	x86_64
spin	unix-conn	0	spin	runqueue2	0	aarch64
spin	unix-conn	0	spin	runqueue3	0	aarch64
spin	unix-conn	0	spin	socket	0	aarch64,x86_64
spin	usb-hid	0	spin	dma-stats	0	aarch64,x86_64
spin	usb-hid	0	spin	iommu-domain	0	aarch64,x86_64
spin	usb-hid	0	spin	xhci	0	aarch64,x86_64
spin	usb-sync	0	spin	completion-wq	0	aarch64,x86_64
spin	usb-sync	0	spin	runqueue0	0	aarch64,x86_64
spin	usb-sync	0	spin	runqueue1	0	x86_64
spin	usb-sync	0	spin	runqueue2	0	aarch64
spin	user_space	0	spin	DMA32	0	aarch64,x86_64
spin	user_space	0	spin	Normal	0	aarch64,x86_64
spin	vfs-cwd-hold-swap	0	spin	runqueue0	0	aarch64
spin	vfs-cwd-hold-swap	0	spin	runqueue2	0	x86_64
spin	vfs-cwd-hold-walk	0	spin	runqueue0	0	aarch64,x86_64
spin	vfs-cwd-hold-walk	0	spin	runqueue1	0	aarch64,x86_64
spin	vfs-cwd-hold-walk	0	spin	runqueue3	0	aarch64,x86_64
spin	virtio-blk	0	spin	dma-stats	0	aarch64,x86_64
spin	virtio-console	0	spin	virtio-pci	0	aarch64,x86_64
spin	virtio-console	0	spin	virtq	0	aarch64,x86_64
spin	vm-anon-hold	0	spin	completion-wq	0	aarch64,x86_64
spin	vm-anon-hold	0	spin	runqueue0	0	aarch64
spin	vm-anon-hold	0	spin	runqueue1	0	x86_64
spin	vm-file-hold	0	spin	completion-wq	0	aarch64,x86_64
spin	vm-file-hold	0	spin	runqueue0	0	x86_64
spin	vm-file-hold	0	spin	runqueue1	0	aarch64,x86_64
spin	vm-file-hold	0	spin	runqueue3	0	aarch64
spin	vm_region	0	spin	DMA32	0	aarch64,x86_64
spin	vm_region	0	spin	Normal	0	aarch64,x86_64
spin	vm_replace	0	spin	runqueue1	0	aarch64
spin	vm_replace	0	spin	runqueue2	0	aarch64,x86_64
spin	vm_replace	0	spin	runqueue3	0	x86_64
spin	vm_space	0	spin	DMA32	0	aarch64,x86_64
spin	vm_space	0	spin	Normal	0	aarch64,x86_64
spin	vnode	0	spin	runqueue0	0	aarch64,x86_64
spin	vnode	0	spin	runqueue1	0	aarch64,x86_64
spin	vnode	0	spin	runqueue2	0	aarch64,x86_64
spin	vnode	0	spin	runqueue3	0	aarch64,x86_64
spin	wait-timeout-test	0	spin	runqueue0	0	aarch64,x86_64
spin	xhci	0	spin	completion-wq	0	aarch64,x86_64
spin	xhci	0	spin	dma-stats	0	aarch64,x86_64
spin	xhci	0	spin	iommu-domain	0	aarch64,x86_64
spin	xhci	0	spin	runqueue1	0	x86_64
spin	xhci	0	spin	runqueue2	0	aarch64
spin	xhci	0	spin	smmu	0	aarch64
spin	xhci	0	spin	vtd	0	x86_64
spin	xhci	0	spin	xhci-cmd	0	aarch64,x86_64
spin	xhci-cmd	0	spin	completion-wq	0	aarch64,x86_64
spin	xhci-cmd	0	spin	runqueue1	0	x86_64
spin	xhci-cmd	0	spin	runqueue2	0	aarch64
spin	xhci-first-scan	0	spin	completion-wq	0	aarch64,x86_64
spin	xhci-ports	0	spin	runqueue1	0	x86_64
spin	xhci-ports	0	spin	runqueue3	0	aarch64
