source	line	initialization_or_definition
kernel/arch/aarch64/fwcfg.c	29	static spinlock_t g_lock = SPINLOCK_INIT("fwcfg");
kernel/arch/aarch64/gic.c	58	static spinlock_t g_lock = SPINLOCK_INIT("gic");
kernel/arch/aarch64/gicv2m.c	18	static const spinlock_t init_lock = SPINLOCK_INIT("gicv2m");
kernel/arch/aarch64/gicv3.c	153	static spinlock_t g_lock = SPINLOCK_INIT("gicv3");
kernel/arch/aarch64/gicv3_its.c	236	static const spinlock_t init_lock = SPINLOCK_INIT("its");
kernel/arch/aarch64/gicv3_vdist.c	133	spinlock_init(&d->lock, "vdist");
kernel/arch/aarch64/hv_el2.c	126	static spinlock_t g_vmid_lock = SPINLOCK_INIT("hv-vmid");
kernel/arch/x86_64/fwcfg.c	28	static spinlock_t g_lock = SPINLOCK_INIT("fwcfg");
kernel/arch/x86_64/ioapic.c	42	static spinlock_t g_lock = SPINLOCK_INIT("ioapic");
kernel/arch/x86_64/irqc.c	26	static spinlock_t g_vector_lock = SPINLOCK_INIT("vectors");
kernel/arch/x86_64/mmu.c	276	static spinlock_t g_shootdown_lock = SPINLOCK_INIT("shootdown");
kernel/arch/x86_64/pci_legacy.c	17	static spinlock_t g_lock = SPINLOCK_INIT("pci-legacy");
kernel/arch/x86_64/svm.c	111	static spinlock_t g_asid_lock = SPINLOCK_INIT("svm-asid");
kernel/arch/x86_64/vmx.c	183	static spinlock_t g_vpid_lock = SPINLOCK_INIT("vmx-vpid");
kernel/block/blk.c	45	mutex_init(&g_blk_lock, "blkdevs");
kernel/block/blk.c	82	spinlock_init(&bd->qlock, "blk-pending");
kernel/block/blk.c	797	completion_init(&s.done, "blk-sync");
kernel/block/ramblk.c	261	spinlock_init(&r->lock, "ramblk");
kernel/core/console.c	14	static spinlock_t g_console_lock = SPINLOCK_INIT("console");
kernel/core/lockdeptest.c	42	static spinlock_t a = SPINLOCK_INIT("lockdep-test-a");
kernel/core/lockdeptest.c	43	static spinlock_t b = SPINLOCK_INIT("lockdep-test-b");
kernel/core/lockdeptest.c	90	spinlock_init(&chain[i], names[i]);
kernel/core/lockdeptest.c	125	spinlock_init(&pair[0], "lockdep-test-pair");   /* one site: one class */
kernel/core/lockdeptest.c	126	spinlock_init(&pair[1], "lockdep-test-pair");
kernel/core/lockdeptest.c	148	static spinlock_t g_irq_lock = SPINLOCK_INIT("lockdep-test-irq");
kernel/core/lockdeptest.c	190	static spinlock_t l = SPINLOCK_INIT("lockdep-test-sleep");
kernel/core/lockdeptest.c	206	static spinlock_t under = SPINLOCK_INIT("lockdep-test-under");
kernel/core/lockdeptest.c	209	mutex_init(&m1, "lockdep-test-m1");
kernel/core/lockdeptest.c	210	mutex_init(&m2, "lockdep-test-m2");
kernel/core/lockdeptest.c	233	static spinlock_t under2 = SPINLOCK_INIT("lockdep-test-under2");
kernel/core/lockdeptest.c	237	mutex_init(&m3, "lockdep-test-m3");
kernel/core/lockdeptest.c	256	static spinlock_t g_cont_l = SPINLOCK_INIT("lockdep-test-cont-l");
kernel/core/lockdeptest.c	257	static spinlock_t g_cont_m = SPINLOCK_INIT("lockdep-test-cont-m");
kernel/core/lockup.c	54	static spinlock_t g_stats_lock = SPINLOCK_INIT("lockup-stats");
kernel/core/log.c	20	static spinlock_t g_ring_lock = SPINLOCK_INIT("klog-ring");
kernel/core/quiesce.c	47	static spinlock_t g_cb_lock = SPINLOCK_INIT("quiesce-cb");
kernel/core/random.c	17	static spinlock_t g_lock = SPINLOCK_INIT("random");
kernel/core/selftest.c	975	static spinlock_t g_defer_lock = SPINLOCK_INIT("selftest-defer");
kernel/core/spinlock.c	17	void spinlock_init(spinlock_t *lock, const char *name)
kernel/core/utsns.c	17	.lock = SPINLOCK_INIT("utsns"),
kernel/core/utsns.c	40	spinlock_init(&ns->lock, "utsns");
kernel/device/device.c	66	mutex_init(&g_device_mutex, "devices");
kernel/device/dma.c	18	static spinlock_t g_stats_lock = SPINLOCK_INIT("dma-stats");
kernel/interrupt/ipi.c	26	static spinlock_t g_call_lock = SPINLOCK_INIT("smp_call");
kernel/interrupt/irq.c	26	static spinlock_t g_irq_lock = SPINLOCK_INIT("irq");
kernel/io/aio.c	64	mutex_init(&r->lock, "aio");
kernel/io/aio.c	66	waitqueue_init(&r->wait, "aio");
kernel/io/epoll.c	113	mutex_init(&ep->lock, "epoll");
kernel/io/epoll.c	114	waitqueue_init(&ep->wait, "epoll");
kernel/io/eventfd.c	167	spinlock_init(&e->lock, "eventfd");
kernel/io/eventfd.c	168	waitqueue_init(&e->wq, "eventfd");
kernel/io/signalfd.c	198	spinlock_init(&sf->lock, "signalfd");
kernel/io/timerobj.c	155	spinlock_init(&to->lock, "timer");
kernel/io/timerobj.c	156	mutex_init(&to->op_lock, "timer-op");
kernel/io/timerobj.c	157	waitqueue_init(&to->wq, "timer");
kernel/io/timerobj.c	173	spinlock_init(&to->lock, "timer");
kernel/io/timerobj.c	174	mutex_init(&to->op_lock, "timer-op");
kernel/io/timerobj.c	175	waitqueue_init(&to->wq, "timer");
kernel/iommu/iommu.c	20	static spinlock_t g_lock = SPINLOCK_INIT("iommu");
kernel/iommu/iommu.c	163	spinlock_init(&d->lock, "iommu-domain");
kernel/ipc/fifo.c	61	spinlock_init(&fifo->lock, "fifo");
kernel/ipc/fifo.c	62	waitqueue_init(&fifo->openers, "fifo-open");
kernel/ipc/futex.c	49	spinlock_init(&g_buckets[i].lock, "futex");
kernel/ipc/futex.c	161	waitqueue_init(&wq, "futex");
kernel/ipc/pipe.c	25	static spinlock_t g_stats_lock = SPINLOCK_INIT("pipe-stats");
kernel/ipc/pipe.c	46	spinlock_init(&p->lock, "pipe");
kernel/ipc/pipe.c	47	waitqueue_init(&p->rd_wq, "pipe-rd");
kernel/ipc/pipe.c	48	waitqueue_init(&p->wr_wq, "pipe-wr");
kernel/ipc/shm.c	42	static spinlock_t g_shm_lock = SPINLOCK_INIT("shm-registry");
kernel/ipc/unix.c	117	static spinlock_t g_reg_lock = SPINLOCK_INIT("unix-registry");
kernel/ipc/unix.c	222	spinlock_init(&u->qlock, "unix-dgram");
kernel/ipc/unix.c	521	spinlock_init(&c->lock, "unix-conn");
kernel/memory/asid.c	47	static spinlock_t g_lock = SPINLOCK_INIT("asid");
kernel/memory/buddy.c	48	spinlock_init(&zone->lock, name);
kernel/memory/kmalloc.c	33	static spinlock_t g_large_lock = SPINLOCK_INIT("kmalloc_large");
kernel/memory/slab.c	27	static spinlock_t g_caches_lock = SPINLOCK_INIT("kmem_caches");
kernel/memory/slab.c	78	spinlock_init(&cache->lock, name);
kernel/memory/vmm.c	209	spinlock_init(&kernel_space.lock, "kernel_space");
kernel/memory/vmm.c	535	} g_file_hold = { .lock = SPINLOCK_INIT("vm-file-hold") };
kernel/memory/vmm.c	540	completion_init(&g_file_hold.released, "vm-file-hold");
kernel/memory/vmm.c	612	} g_anon_hold = { .lock = SPINLOCK_INIT("vm-anon-hold") };
kernel/memory/vmm.c	617	completion_init(&g_anon_hold.released, "vm-anon-hold");
kernel/memory/vmm.c	1095	spinlock_init(&space->lock, "user_space");
kernel/memory/vmm.c	1096	mutex_init(&space->replace_lock, "vm_replace");
kernel/module/module.c	772	mutex_init(&g_lock, "modules");
kernel/object/handle.c	13	spinlock_init(&t->lock, "handles");
kernel/process/process.c	62	static spinlock_t g_process_table_lock = SPINLOCK_INIT("process_table");
kernel/process/process.c	453	waitqueue_init(&p->child_wq, "children");
kernel/process/process.c	454	waitqueue_init(&p->stopped_wq, "stopped");
kernel/process/process.c	455	waitqueue_init(&p->signalfd_wqh, "signalfd");
kernel/process/process.c	457	spinlock_init(&p->lock, "process");
kernel/process/process.c	458	completion_init(&p->exited, "process-exit");
kernel/process/process.c	1821	completion_init(&g_reap_go, "reap-hold");
kernel/process/signal.c	680	waitqueue_init(&wq, "sigsuspend");
kernel/scheduler/completion.c	13	void completion_init(struct completion *c, const char *name)
kernel/scheduler/completion.c	15	spinlock_init(&c->lock, name);
kernel/scheduler/completion.c	19	waitqueue_init(&c->wq, "completion-wq");
kernel/scheduler/mutex.c	13	void mutex_init(struct mutex *m, const char *name)
kernel/scheduler/mutex.c	15	spinlock_init(&m->lock, name);
kernel/scheduler/mutex.c	21	waitqueue_init(&m->wq, name);
kernel/scheduler/mutex.c	39	static spinlock_t g_pi_lock = SPINLOCK_INIT("mutex-pi");
kernel/scheduler/sched.c	47	spinlock_init(&rq->lock, g_rq_lock_names[cpu]);
kernel/scheduler/schedtest.c	440	semaphore_init(&w.sem, 0, "preempt-wake");
kernel/scheduler/schedtest.c	557	mutex_init(&p.m, "pi-test");
kernel/scheduler/schedtest.c	558	semaphore_init(&p.l_run, 0, "pi-l");
kernel/scheduler/schedtest.c	559	semaphore_init(&p.mid_run, 0, "pi-mid");
kernel/scheduler/schedtest.c	650	waitqueue_init(&d.wq, "preempt-wake-direct");
kernel/scheduler/schedtest.c	702	semaphore_init(&w.sem, 0, "preempt-wake-locked");
kernel/scheduler/schedtest.c	756	semaphore_init(&w.sem, 0, "preempt-probe");
kernel/scheduler/schedtest.c	861	mutex_init(&mt.m, "selftest-mutex");
kernel/scheduler/schedtest.c	908	semaphore_init(&st.items, 0, "selftest-sem");
kernel/scheduler/schedtest.c	929	semaphore_init(&st2.items, 0, "selftest-sem2");
kernel/scheduler/schedtest.c	963	completion_init(&c, "selftest-completion");
kernel/scheduler/schedtest.c	996	waitqueue_init(&wt.wq, "selftest-wq");
kernel/scheduler/schedtest.c	1074	completion_init(&c, "cr");
kernel/scheduler/schedtest.c	1144	completion_init(&c, "ct");
kernel/scheduler/schedtest.c	1183	completion_init(&nc, "ct-none");
kernel/scheduler/schedtest.c	1218	waitqueue_init(&p.wq, "wait-timeout-test");
kernel/scheduler/semaphore.c	11	void semaphore_init(struct semaphore *s, int count, const char *name)
kernel/scheduler/semaphore.c	13	spinlock_init(&s->lock, name);
kernel/scheduler/semaphore.c	15	waitqueue_init(&s->wq, name);
kernel/scheduler/smptest.c	467	semaphore_init(&cw.sem, 0, "cross-wake");
kernel/scheduler/smptest.c	576	mutex_init(&pm.m, "smp-mutex");
kernel/scheduler/smptest.c	670	completion_init(&p[i].started, "spread");
kernel/scheduler/smptest.c	671	completion_init(&p[i].release, "spread-rel");
kernel/scheduler/smptest.c	1072	completion_init(&w[i].started, "bal-start");
kernel/scheduler/smptest.c	1073	completion_init(&w[i].release, "bal-rel");
kernel/scheduler/smptest.c	1237	completion_init(&w[i].started, "pair-start");
kernel/scheduler/smptest.c	1238	completion_init(&w[i].release, "pair-rel");
kernel/scheduler/smptest.c	1466	completion_init(&w[i].started, "hyst-start");
kernel/scheduler/smptest.c	1467	completion_init(&w[i].release, "hyst-rel");
kernel/scheduler/smptest.c	1672	completion_init(&w[i].started, "bal-aff-start");
kernel/scheduler/smptest.c	1673	completion_init(&w[i].release, "bal-aff-rel");
kernel/scheduler/smptest.c	1779	completion_init(&w[i].started, "bench-start");
kernel/scheduler/smptest.c	1780	completion_init(&w[i].release, "bench-rel");
kernel/scheduler/smptest.c	2000	completion_init(&p[i].started, "load-place");
kernel/scheduler/smptest.c	2001	completion_init(&p[i].release, "load-place-rel");
kernel/scheduler/smptest.c	2305	waitqueue_init(&wp.wq, "mig-window");
kernel/scheduler/smptest.c	2537	mutex_init(&sh->mtx, "mig-stress");
kernel/scheduler/smptest.c	2539	completion_init(&run->pc[i], "mig-pp");
kernel/scheduler/thread.c	25	static spinlock_t g_thread_list_lock = SPINLOCK_INIT("thread_list");
kernel/scheduler/thread.c	58	static spinlock_t g_reap_lock = SPINLOCK_INIT("reap");
kernel/scheduler/thread.c	139	completion_init(&t->exited, "thread-exit");
kernel/scheduler/wait.c	16	void waitqueue_init(struct waitqueue *wq, const char *name)
kernel/scheduler/wait.c	18	spinlock_init(&wq->lock, name);
kernel/scheduler/wait.c	145	waitqueue_init(&s.wq, "sleep");
kernel/scheduler/wait.c	174	waitqueue_init(&s.wq, "sleep");
kernel/timer/timer.c	568	spinlock_init(&q->lock, "timer_queue");
kernel/tty/tty.c	59	spinlock_init(&t->lock, "tty");
kernel/tty/tty.c	60	waitqueue_init(&t->readers, "tty-readers");
kernel-services/filesystem/cosmofs/cosmofs_core.c	2825	mutex_init(&fs->lock, "cosmofs");
kernel-services/network/arp.c	48	static spinlock_t g_lock = SPINLOCK_INIT("arp");
kernel-services/network/fw.c	96	static spinlock_t g_fw_lock = SPINLOCK_INIT("fw");
kernel-services/network/ipv4.c	29	static spinlock_t g_icmp_lock = SPINLOCK_INIT("icmp-rate");
kernel-services/network/ipv4.c	56	static spinlock_t g_pmtu_lock = SPINLOCK_INIT("ipv4-pmtu");
kernel-services/network/ipv6.c	63	static spinlock_t g_nd_lock = SPINLOCK_INIT("nd");
kernel-services/network/mbuf.c	15	static spinlock_t g_stats_lock = SPINLOCK_INIT("mbuf-stats");
kernel-services/network/mbuf.c	310	spinlock_init(&q->lock, name);
kernel-services/network/nat.c	52	static spinlock_t g_nat_lock = SPINLOCK_INIT("nat");
kernel-services/network/nat.c	64	static spinlock_t g_pf_lock = SPINLOCK_INIT("nat-pf");
kernel-services/network/netif.c	48	static spinlock_t g_netif_lock = SPINLOCK_INIT("netifs");
kernel-services/network/netif.c	168	spinlock_init(&nif->lock, "netif");
kernel-services/network/netif.c	276	completion_init(&barriers[i].done, "netif-barrier");
kernel-services/network/netif.c	771	spinlock_init(&c->work_lock, "network");
kernel-services/network/netif.c	772	waitqueue_init(&c->wq, "netrx");
kernel-services/network/netif.c	823	mutex_init(&g_unregister_lock, "netif-unregister");
kernel-services/network/nettest.c	88	static spinlock_t g_nt_reap_lock = SPINLOCK_INIT("nt-reap");
kernel-services/network/nettest.c	767	spinlock_init(&srv->lock, "tcp-server");
kernel-services/network/nettest.c	2646	static spinlock_t g_reorder_lock = SPINLOCK_INIT("reorder-test");
kernel-services/network/socket.c	106	waitqueue_init(&s->wait, "socket");
kernel-services/network/socket.c	107	mutex_init(&s->lock, "socket");
kernel-services/network/tap.c	102	waitqueue_init(&t->rx_wait, "tap-rx");
kernel-services/network/tap.c	192	static spinlock_t g_tap_slot_lock = SPINLOCK_INIT("tap-slots");
kernel-services/network/tapsvc.c	103	static spinlock_t g_svcs_lock = SPINLOCK_INIT("tapsvc-list");
kernel-services/network/tapsvc.c	516	spinlock_init(&svc->lock, "tapsvc");
kernel-services/network/tapsvc.c	517	spinlock_init(&svc->dns_lock, "tapsvc-dns");
kernel-services/network/tcp.c	36	static spinlock_t g_table_lock = SPINLOCK_INIT("tcp-table");
kernel-services/network/tcp.c	48	static spinlock_t g_chal_lock = SPINLOCK_INIT("tcp-challenge");
kernel-services/network/tcp.c	524	spinlock_init(&pcb->lock, "tcp-pcb");
kernel-services/network/udp.c	15	static spinlock_t g_lock = SPINLOCK_INIT("udp");
kernel-services/vfs/fsctl.c	55	mutex_init(&o->lock, "fsctl-open");
kernel-services/vfs/pagecache.c	21	static spinlock_t g_stats_lock = SPINLOCK_INIT("pagecache-stats");
kernel-services/vfs/pagecache.c	27	static spinlock_t g_lru_lock = SPINLOCK_INIT("pagecache-lru");
kernel-services/vfs/pagecache.c	175	mutex_init(&pc->lock, "pagecache");
kernel-services/vfs/vfs.c	103	} g_cwd_hold = { .lock = SPINLOCK_INIT("vfs-cwd-hold") };
kernel-services/vfs/vfs.c	109	waitqueue_init(&g_cwd_hold.held_wq, "vfs-cwd-hold-walk");
kernel-services/vfs/vfs.c	110	waitqueue_init(&g_cwd_hold.swap_wq, "vfs-cwd-hold-swap");
kernel-services/vfs/vfs.c	346	mutex_init(&vn->lock, "vnode");
kernel-services/vfs/vfs.c	514	spinlock_init(&mnt->lock, "mount-hash");
kernel-services/vfs/vfs.c	515	mutex_init(&mnt->rename_lock, "rename");
kernel-services/vfs/vfs.c	516	mutex_init(&mnt->sync_lock, "mount-sync");
kernel-services/vfs/vfs.c	517	waitqueue_init(&mnt->passes_quiet, "mount-passes");
kernel-services/vfs/vfs.c	1659	mutex_init(&f->lock, "file");
kernel-services/vfs/vfs.c	2588	mutex_init(&g_mounts_lock, "mounts");
kernel-services/vfs/vfstest.c	1481	completion_init(&g_chrblock_release, "chrblock-release");
kernel-services/vfs/vfstest.c	1489	completion_init(&ra.done, "chrblock-reader");
kernel-services/vfs/vfstest.c	1490	completion_init(&wa.done, "chrblock-writer");
kernel-services/virtualization/vcpu.c	39	mutex_init(&v->run_lock, "vcpu");
kernel-services/virtualization/vintr.c	19	spinlock_init(&v->irq_lock, "vcpu-irq");
kernel-services/virtualization/vm.c	61	mutex_init(&vm->lock, "vm");
kernel-services/virtualization/vm.c	65	spinlock_init(&vm->console.lock, "vm-console");
kernel-services/virtualization/vmm.c	158	mutex_init(&g_lock, "hv");
kernel-services/virtualization/vuart.c	236	spinlock_init(&u->lock, "vuart");
drivers/iommu/arm_smmuv3.c	440	spinlock_init(&u->lock, "smmu");
drivers/iommu/intel_vtd.c	356	spinlock_init(&u->lock, "vtd");
drivers/network/e1000e.c	424	spinlock_init(&e->lock, "e1000e");
drivers/nvme/nvme.c	156	spinlock_init(&q->lock, "nvme-queue");
drivers/nvme/nvme.c	314	completion_init(&w.done, "nvme-admin");
drivers/nvme/nvme.c	702	mutex_init(&c->admin_lock, "nvme-admin");
drivers/storage/ahci.c	402	completion_init(&w.done, "ahci-sync");
drivers/storage/ahci.c	1030	waitqueue_init(&h->wq, "ahci-worker");
drivers/storage/ahci.c	1034	spinlock_init(&h->ports[i].lock, "ahci-port");
drivers/storage/ahci.c	1035	mutex_init(&h->ports[i].hotplug, "ahci-hotplug");
drivers/usb/usb.c	167	completion_init(&s.done, "usb-sync");
drivers/usb/usb.c	567	mutex_init(&hcd->lock, "usb-hcd");
drivers/usb/usb_hid.c	234	spinlock_init(&k->lock, "usb-hid");
drivers/usb/usb_hub.c	376	spinlock_init(&h->lock, "usb-hub");
drivers/usb/usb_hub.c	377	waitqueue_init(&h->work, "usb-hub");
drivers/usb/usb_storage.c	643	spinlock_init(&s->lock, "usb-storage");
drivers/usb/xhci.c	267	completion_init(&x->cmdw.done, "xhci-cmd");
drivers/usb/xhci.c	1300	spinlock_init(&x->lock, "xhci");
drivers/usb/xhci.c	1301	mutex_init(&x->cmd_lock, "xhci-cmd");
drivers/usb/xhci.c	1302	waitqueue_init(&x->wq, "xhci-ports");
drivers/usb/xhci.c	1303	completion_init(&x->cmdw.done, "xhci-cmd");
drivers/usb/xhci.c	1304	completion_init(&x->first_scan, "xhci-first-scan");
drivers/usb/xhci.c	1486	mutex_init(&g_controllers_lock, "xhci-controllers");
drivers/virtio/virtio_blk.c	333	spinlock_init(&vb->lock, "virtio-blk");
drivers/virtio/virtio_console.c	113	spinlock_init(&c->lock, "virtio-console");
drivers/virtio/virtio_net.c	211	spinlock_init(&v->lock, "virtio-net");
drivers/virtio/virtio_pci.c	296	spinlock_init(&v->lock, "virtio-pci");
drivers/virtio/virtqueue.c	112	spinlock_init(&vq->lock, "virtq");
tests/modules/cosmotest.c	33	static spinlock_t cosmotest_lock = SPINLOCK_INIT("cosmotest-unloadable-lock");
